"ID","COL1","COL2","COL3","COL4","COL5","COL6","COL7","COL_DATE"
1522201,"16979","00260","余红梅","F","15","荆门路n座","liyong.cn","2021-08-16 16:18:43"
1522202,"15553","00259","张丽华","M","50","孙路U座","05.com","2021-08-16 16:18:43"
1522203,"15113","00276","植丽","F","33","黄路o座","05.net","2021-08-16 16:18:43"
1522204,"15681","00211","蓝雪梅","F","22","徐街l座","yanpeng.cn","2021-08-16 16:18:43"
1522205,"15091","00336","顾柳","M","46","唐街D座","qiangzou.cn","2021-08-16 16:18:434"
1522206,"16690","00240","温秀芳","F","15","北京街L座","pd.cn","2021-08-16 16:18:43"
1522207,"16935","00250","董旭","F","17","徐路I座","aa.cn","2021-08-16 16:18:43"
1522208,"15451","00263","石兰英","F","25","乌鲁木齐路R座","yangkong.org","2021-08-16 16:18:43"
1522209,"15222","00323","袁桂兰","F","47","彭街G座","yanfang.cn","2021-08-16 16:18:43"
1522210,"15111","00293","钟艳","M","27","李路w座","sunmeng.net","2021-08-16 16:18:43"
1522211,"16438","00347","黄云","M","37","梧州街p座","17.cn","2021-08-16 16:18:43"
1522212,"16344","00334","王琳","M","29","毛路M座","ping.net","2021-08-16 16:18:43"
1522213,"16042","00303","陈华","M","36","齐齐哈尔路V座","lixiulan.cn","2021-08-16 16:18:43"
1522214,"15249","00219","高志强","M","35","沈阳路I座","oa.cn","2021-08-16 16:18:43"
1522215,"16058","00315","黄岩","F","20","成街J座","sz.cn","2021-08-16 16:18:43"
1522216,"15662","00284","徐雷","M","27","永安街S座","yongyong.cn","2021-08-16 16:18:43"
1522217,"15275","00285","单丽华","M","26","济南街S座","yanggang.cn","2021-08-16 16:18:43"
1522218,"15997","00335","任璐","M","37","合肥街m座","guiyingxu.cn","2021-08-16 16:18:43"
1522219,"15628","00305","张桂珍","F","16","曹路y座","kong.cn","2021-08-16 16:18:43"
1522220,"16132","00289","黄瑜","F","42","拉萨街A座","guiying.cn","2021-08-16 16:18:43"
1522221,"16356","00317","刘秀荣","F","15","西宁路A座","zhengfan.cn","2021-08-16 16:18:43"
1522222,"16957","00201","徐丽娟","F","17","黄街I座","gangxiulan.cn","2021-08-16 16:18:43"
1522223,"16072","00224","孟梅","F","45","贵阳街s座","guiying.net","2021-08-16 16:18:43"
1522224,"15261","00347","曾磊","M","34","谌路G座","juanpan.cn","2021-08-16 16:18:43"
1522225,"15209","00321","刘英","M","29","台北街F座","tang.cn","2021-08-16 16:18:43"
1522226,"16392","00232","管玉梅","M","39","成都路r座","feng.cn","2021-08-16 16:18:43"
1522227,"15600","00232","武桂英","M","26","马街Y座","jie.cn","2021-08-16 16:18:43"
1522228,"16464","00202","周秀华","M","18","沈阳街O座","vi.cn","2021-08-16 16:18:43"
1522229,"16177","00349","郝敏","M","36","巢湖路j座","04.cn","2021-08-16 16:18:43"
1522230,"15227","00244","裴彬","F","47","六盘水路H座","yanlei.cn","2021-08-16 16:18:43"
1522231,"15090","00323","曾杨","M","36","辛路P座","yonglei.cn","2021-08-16 16:18:43"
1522232,"15712","00346","夏桂荣","F","22","廖街X座","xiuyingna.cn","2021-08-16 16:18:43"
1522233,"16892","00283","娄博","M","39","澳门路a座","napeng.cn","2021-08-16 16:18:43"
1522234,"15062","00212","漆超","F","27","刘路r座","xiang.cn","2021-08-16 16:18:43"
1522235,"16528","00212","张强","M","27","萧街k座","weiyan.net","2021-08-16 16:18:43"
1522236,"16326","00274","兰丽娟","F","41","张路G座","yang.cn","2021-08-16 16:18:43"
1522237,"16181","00339","张玉兰","F","34","张街c座","tn.cn","2021-08-16 16:18:43"
1522238,"15139","00321","潘凤英","M","26","陈路J座","yeyuan.cn","2021-08-16 16:18:43"
1522239,"16258","00271","蒲丽","M","18","袁路C座","fang.cn","2021-08-16 16:18:43"
1522240,"15934","00305","金凤英","M","24","澳门路I座","lipan.net","2021-08-16 16:18:43"
1522241,"15450","00334","罗桂芳","F","30","佛山街h座","gusun.cn","2021-08-16 16:18:43"
1522242,"15078","00300","黄飞","M","29","王路d座","moduan.cn","2021-08-16 16:18:43"
1522243,"16318","00336","赵亮","M","45","南京路x座","leimin.cn","2021-08-16 16:18:43"
1522244,"15460","00309","唐杰","M","42","六安路Z座","jingjun.cn","2021-08-16 16:18:43"
1522245,"16591","00266","周凤兰","F","30","况街P座","weijun.cn","2021-08-16 16:18:43"
1522246,"15317","00215","樊梅","F","27","张路X座","zu.cn","2021-08-16 16:18:43"
1522247,"16186","00265","李洁","F","20","辽阳街t座","fangwan.cn","2021-08-16 16:18:43"
1522248,"15911","00327","郑红霞","F","38","吴路i座","jianghao.cn","2021-08-16 16:18:43"
1522249,"16380","00275","刘欢","F","28","钱路R座","jun.cn","2021-08-16 16:18:43"
1522250,"16482","00273","陈浩","F","18","太原街x座","gang.cn","2021-08-16 16:18:43"
1522251,"15346","00298","姜欢","F","22","南京街k座","li.cn","2021-08-16 16:18:43"
1522252,"16780","00245","康婷","F","47","曹路L座","fangcui.cn","2021-08-16 16:18:43"
1522253,"16590","00339","李洋","F","20","萧路U座","maozhou.cn","2021-08-16 16:18:43"
1522254,"15967","00200","倪杨","M","35","徐路B座","nayong.cn","2021-08-16 16:18:43"
1522255,"16439","00337","赵淑英","M","23","长春街p座","qiu.cn","2021-08-16 16:18:43"
1522256,"16813","00302","曾明","F","15","淮安路n座","tan.cn","2021-08-16 16:18:43"
1522257,"15517","00310","葛桂英","M","43","杨街B座","jiangren.cn","2021-08-16 16:18:43"
1522258,"15642","00240","冯成","F","37","宜都路p座","yanmin.com","2021-08-16 16:18:43"
1522259,"15344","00205","徐建平","F","32","陈街Z座","nasong.cn","2021-08-16 16:18:43"
1522260,"16876","00221","陈小红","M","18","汪街f座","minliao.org","2021-08-16 16:18:43"
1522261,"15251","00320","刘兵","F","38","通辽路t座","56.com","2021-08-16 16:18:43"
1522262,"15795","00316","宋晶","M","27","刘路J座","sw.cn","2021-08-16 16:18:43"
1522263,"15830","00277","杨玉梅","M","15","宋路g座","94.cn","2021-08-16 16:18:43"
1522264,"16140","00221","马坤","M","30","郑路C座","mingsun.cn","2021-08-16 16:18:43"
1522265,"15509","00304","谢文","M","44","香港街N座","liang.cn","2021-08-16 16:18:43"
1522266,"16446","00279","范婷","M","32","王路g座","gang.cn","2021-08-16 16:18:43"
1522267,"16059","00341","刘建军","M","20","通辽路a座","zhoulai.cn","2021-08-16 16:18:43"
1522268,"15719","00219","王云","F","49","成都街D座","rg.net","2021-08-16 16:18:43"
1522269,"15772","00232","范婷婷","F","18","金街t座","ww.cn","2021-08-16 16:18:43"
1522270,"15601","00204","李兰英","F","37","张家港路P座","yanhou.cn","2021-08-16 16:18:43"
1522271,"16223","00282","王玉梅","F","28","张家港街X座","tao.cn","2021-08-16 16:18:43"
1522272,"16914","00313","田亮","F","45","兰州路M座","liao.cn","2021-08-16 16:18:43"
1522273,"15345","00314","朱岩","M","34","刘街O座","cv.cn","2021-08-16 16:18:43"
1522274,"15115","00280","王琳","F","32","银川街B座","17.org","2021-08-16 16:18:43"
1522275,"16361","00208","韦婷","M","21","拉萨街h座","mingu.cn","2021-08-16 16:18:43"
1522276,"15641","00302","程涛","F","23","广州路u座","yaobai.net","2021-08-16 16:18:43"
1522277,"16819","00310","谢建平","M","18","周街q座","kn.com","2021-08-16 16:18:43"
1522278,"16286","00289","谢楠","M","34","沈阳街W座","juanchao.cn","2021-08-16 16:18:43"
1522279,"16121","00229","黄健","F","30","济南路e座","09.cn","2021-08-16 16:18:43"
1522280,"16704","00238","李丽丽","M","23","杨街K座","au.net","2021-08-16 16:18:43"
1522281,"15519","00275","韩波","F","40","辽阳街T座","leiqian.cn","2021-08-16 16:18:43"
1522282,"15624","00321","李飞","F","50","任路O座","motang.cn","2021-08-16 16:18:43"
1522283,"16978","00238","黄浩","M","38","彭路c座","ih.cn","2021-08-16 16:18:43"
1522284,"15195","00276","王欣","F","21","龚路c座","zhao.com","2021-08-16 16:18:43"
1522285,"16511","00341","娄英","F","33","吴街S座","yongjuan.cn","2021-08-16 16:18:43"
1522286,"16082","00281","毕琴","F","20","王路y座","yangli.cn","2021-08-16 16:18:43"
1522287,"16527","00234","展建华","M","27","张街Q座","wv.com","2021-08-16 16:18:43"
1522288,"15359","00267","李丽丽","M","41","贵阳路Z座","43.cn","2021-08-16 16:18:43"
1522289,"16647","00302","王晶","F","33","何街w座","yan.cn","2021-08-16 16:18:43"
1522290,"15145","00246","邵玉英","F","46","郭路p座","pingqiao.cn","2021-08-16 16:18:43"
1522291,"16469","00230","阳秀云","M","47","沈阳街p座","panqiu.cn","2021-08-16 16:18:43"
1522292,"16130","00271","周帅","M","45","西宁街f座","lei.cn","2021-08-16 16:18:43"
1522293,"16040","00281","张娜","M","37","洪路r座","shixue.com","2021-08-16 16:18:43"
1522294,"15541","00211","林坤","F","39","严路J座","jie.cn","2021-08-16 16:18:43"
1522295,"15618","00302","吕莉","F","39","蒋街f座","fang.cn","2021-08-16 16:18:43"
1522296,"16110","00295","曹玉","M","50","成都街U座","pc.net","2021-08-16 16:18:43"
1522297,"16847","00345","陈淑华","F","26","关岭路x座","guoshi.cn","2021-08-16 16:18:43"
1522298,"15850","00296","隋雷","F","42","南京路W座","yt.cn","2021-08-16 16:18:43"
1522299,"16978","00279","陈桂英","F","19","吴路J座","yanghao.cn","2021-08-16 16:18:43"
1522300,"15919","00200","王秀珍","F","26","西安街J座","ma.cn","2021-08-16 16:18:43"
1522301,"16611","00350","许芳","M","28","乌鲁木齐街Y座","qiancao.cn","2021-08-16 16:18:43"
1522302,"16395","00291","周健","F","16","成都路G座","jingdong.cn","2021-08-16 16:18:43"
1522303,"16407","00232","纪淑英","F","29","苗路g座","91.net","2021-08-16 16:18:43"
1522304,"16024","00269","龙芳","F","47","汪路v座","min.cn","2021-08-16 16:18:43"
1522305,"16952","00239","沈丽丽","M","34","贵阳街E座","xiao.com","2021-08-16 16:18:43"
1522306,"15859","00259","罗春梅","F","40","哈尔滨街b座","caoyang.cn","2021-08-16 16:18:43"
1522307,"15953","00267","田博","M","17","黄路g座","xiuyingna.net","2021-08-16 16:18:43"
1522308,"16397","00337","刘玉梅","M","28","阜新街A座","xu.net","2021-08-16 16:18:43"
1522309,"15866","00206","郑峰","M","50","阜新路l座","najia.cn","2021-08-16 16:18:43"
1522310,"16530","00323","孙秀芳","F","18","李路P座","chaogong.cn","2021-08-16 16:18:43"
1522311,"16525","00221","石雪梅","F","28","澳门路I座","05.org","2021-08-16 16:18:43"
1522312,"15688","00287","范玉","F","15","太原路A座","leiqiang.cn","2021-08-16 16:18:43"
1522313,"16752","00335","刘秀兰","M","24","武汉路g座","weiguiying.cn","2021-08-16 16:18:43"
1522314,"15778","00324","徐淑珍","M","50","西宁路u座","taoqiu.cn","2021-08-16 16:18:43"
1522315,"16368","00316","周超","F","15","关岭街x座","ch.cn","2021-08-16 16:18:43"
1522316,"15804","00208","张丹","M","27","香港路Q座","gh.cn","2021-08-16 16:18:43"
1522317,"16276","00290","符丽娟","F","32","辛集街F座","35.cn","2021-08-16 16:18:43"
1522318,"15119","00248","杨旭","M","45","白街C座","ec.cn","2021-08-16 16:18:43"
1522319,"15031","00333","吴桂荣","M","32","刘路c座","mao.cn","2021-08-16 16:18:43"
1522320,"15272","00282","林军","M","19","孙路e座","xiulan.org","2021-08-16 16:18:43"
1522321,"15482","00248","郭想","F","15","李路z座","guiyingjun.cn","2021-08-16 16:18:43"
1522322,"16585","00319","贾琴","F","43","重庆路T座","yinyang.cn","2021-08-16 16:18:43"
1522323,"15975","00315","谢利","M","46","昆明街k座","mingmeng.cn","2021-08-16 16:18:43"
1522324,"16079","00341","耿彬","F","40","石家庄路E座","jiegong.cn","2021-08-16 16:18:43"
1522325,"16300","00214","李丽丽","F","31","西安街e座","weili.cn","2021-08-16 16:18:43"
1522326,"16501","00334","陈春梅","F","50","台北街V座","73.cn","2021-08-16 16:18:43"
1522327,"16657","00325","张辉","F","27","郑州路Z座","zou.cn","2021-08-16 16:18:43"
1522328,"16127","00295","龙颖","M","18","吴街t座","94.cn","2021-08-16 16:18:43"
1522329,"15615","00347","吴勇","M","32","杨街y座","60.net","2021-08-16 16:18:43"
1522330,"15682","00350","蔡晨","M","25","南宁路Y座","lei.cn","2021-08-16 16:18:43"
1522331,"15850","00247","唐凤兰","M","20","深圳路E座","lei.cn","2021-08-16 16:18:43"
1522332,"16921","00302","王磊","M","21","荆门街j座","yongguiying.cn","2021-08-16 16:18:43"
1522333,"16758","00252","戴坤","M","32","太原路d座","hezhu.cn","2021-08-16 16:18:43"
1522334,"16907","00314","邓斌","M","33","淮安街M座","85.cn","2021-08-16 16:18:43"
1522335,"16659","00254","李雪","M","28","辛集路A座","xiong.cn","2021-08-16 16:18:43"
1522336,"16951","00248","杨桂花","M","40","兰州路k座","wen.org","2021-08-16 16:18:43"
1522337,"15578","00319","吴丽","F","15","傅街b座","vj.cn","2021-08-16 16:18:43"
1522338,"16184","00286","张辉","M","17","柳州街h座","jiewei.cn","2021-08-16 16:18:43"
1522339,"15635","00326","黄畅","F","31","徐街U座","79.cn","2021-08-16 16:18:43"
1522340,"16786","00309","魏雷","M","23","惠州路t座","fumao.cn","2021-08-16 16:18:43"
1522347,"16596","00210","郭欣","M","37","冯路N座","dushen.cn","2021-08-16 16:18:43"
1522421,"15636","00334","吴璐","F","35","高街P座","leili.cn","2021-08-16 16:18:43"
1522422,"15021","00301","张玉","F","31","合肥路j座","yan.net","2021-08-16 16:18:43"
1522423,"16457","00287","牛婷","M","22","徐街S座","feng.net","2021-08-16 16:18:43"
1522425,"15848","00227","谢建国","M","39","林路o座","leiping.cn","2021-08-16 16:18:43"
1522426,"16472","00302","苏楠","F","26","郭路b座","fanghou.cn","2021-08-16 16:18:43"
1522428,"16558","00258","任敏","F","16","奚路l座","ming.cn","2021-08-16 16:18:43"
1522430,"16584","00236","彭莉","F","25","王路N座","ma.net","2021-08-16 16:18:43"
1522432,"16649","00306","罗莹","M","43","陈街u座","xiulanna.cn","2021-08-16 16:18:43"
1522434,"15420","00244","王淑华","M","24","沈阳街q座","chaoyang.cn","2021-08-16 16:18:43"
1522436,"15561","00233","韩秀梅","M","27","邯郸街K座","ze.net","2021-08-16 16:18:43"
1522438,"15764","00212","韦秀梅","F","26","北镇路v座","rr.cn","2021-08-16 16:18:43"
1522440,"15757","00331","曹建平","F","44","高街U座","bu.cn","2021-08-16 16:18:43"
1522481,"16220","00243","陈春梅","M","50","台北路I座","yangming.cn","2021-08-16 16:18:43"
1522482,"16409","00242","刘超","F","40","福州街v座","56.net","2021-08-16 16:18:43"
1522483,"15507","00239","李秀云","F","18","陈路P座","yuanmao.cn","2021-08-16 16:18:43"
1522484,"16121","00227","白瑞","F","29","张家港路m座","nayan.cn","2021-08-16 16:18:43"
1522486,"16593","00249","叶春梅","F","29","卢街z座","77.cn","2021-08-16 16:18:43"
1522487,"16500","00293","祝洁","F","28","林街i座","zhengbai.org","2021-08-16 16:18:43"
1522488,"16057","00252","王飞","F","43","秦街m座","iz.cn","2021-08-16 16:18:43"
1522490,"15124","00216","黄艳","M","35","王街C座","fc.cn","2021-08-16 16:18:43"
1522492,"15518","00258","唐瑞","F","27","济南街y座","yongjie.net","2021-08-16 16:18:43"
1522494,"15157","00210","舒淑英","M","32","董路i座","yanxia.cn","2021-08-16 16:18:43"
1522496,"16901","00344","王淑兰","F","22","梁路s座","qiang.cn","2021-08-16 16:18:43"
1522498,"15142","00253","潘冬梅","M","36","柳州街q座","jinqian.net","2021-08-16 16:18:43"
1522500,"15628","00339","郭建平","F","36","许路P座","34.cn","2021-08-16 16:18:43"
1522541,"15982","00282","刘丹丹","M","40","徐路I座","liaohan.cn","2021-08-16 16:18:43"
1522542,"15107","00232","戴俊","F","29","刘街L座","leitian.cn","2021-08-16 16:18:43"
1522543,"15685","00255","朱秀梅","F","48","大冶路A座","fanwei.cn","2021-08-16 16:18:43"
1522545,"15486","00217","陈瑞","F","19","马街L座","qian.cn","2021-08-16 16:18:43"
1522546,"15626","00221","莫志强","M","48","梁路J座","fa.net","2021-08-16 16:18:43"
1522547,"15717","00258","阳小红","M","19","天津街m座","qinwang.cn","2021-08-16 16:18:43"
1522549,"16034","00268","薛雷","M","15","齐路O座","naming.cn","2021-08-16 16:18:43"
1522551,"16100","00267","贾敏","F","42","陈路i座","song.com","2021-08-16 16:18:43"
1522553,"15454","00226","王婷婷","F","19","荆门路p座","dg.cn","2021-08-16 16:18:43"
1522557,"15076","00274","郝建","F","15","郭路M座","ren.cn","2021-08-16 16:18:43"
1522558,"15270","00243","蔡雪梅","M","28","永安路e座","xia.net","2021-08-16 16:18:43"
1522560,"15008","00293","李磊","M","20","李街V座","na.cn","2021-08-16 16:18:43"
1522601,"16831","00328","张璐","M","18","石家庄街n座","98.cn","2021-08-16 16:18:43"
1522602,"15871","00215","李梅","F","38","重庆路v座","lei.cn","2021-08-16 16:18:43"
1522603,"16785","00221","何娜","F","33","武街D座","gao.org","2021-08-16 16:18:43"
1522604,"15690","00270","吴飞","M","37","海门街u座","ka.cn","2021-08-16 16:18:43"
1522606,"15606","00329","周兵","F","39","嘉禾街b座","nq.cn","2021-08-16 16:18:43"
1522607,"15077","00275","薛桂兰","F","35","叶街T座","lianglai.cn","2021-08-16 16:18:43"
1522608,"15857","00238","吴辉","M","45","兴城路d座","fangyang.net","2021-08-16 16:18:43"
1522610,"16281","00225","范琴","M","27","吴路z座","pingpan.cn","2021-08-16 16:18:43"
1522612,"15283","00247","郭洁","M","22","周路G座","rq.com","2021-08-16 16:18:43"
1522614,"16791","00334","张燕","M","18","合山街a座","77.cn","2021-08-16 16:18:43"
1522616,"16561","00293","王斌","M","40","苏街N座","xiedong.cn","2021-08-16 16:18:43"
1522618,"15512","00336","萧俊","F","21","合肥路T座","jin.cn","2021-08-16 16:18:43"
1522620,"15079","00313","焦想","M","43","莫路P座","weixia.cn","2021-08-16 16:18:43"
1522661,"15185","00202","张畅","F","30","大冶路w座","24.cn","2021-08-16 16:18:43"
1522662,"16046","00238","叶伟","F","15","范街K座","han.net","2021-08-16 16:18:43"
1522663,"15913","00231","白静","M","24","段街o座","50.cn","2021-08-16 16:18:43"
1522665,"15702","00320","李凤兰","M","25","周路c座","pb.net","2021-08-16 16:18:43"
1522666,"15604","00214","周秀荣","F","19","深圳街c座","jing.cn","2021-08-16 16:18:43"
1522667,"15935","00277","李春梅","F","31","孙街G座","fangfang.cn","2021-08-16 16:18:43"
1522669,"16344","00246","郝红","M","34","银川街C座","lq.cn","2021-08-16 16:18:43"
1522671,"16458","00226","苗佳","M","47","吴路U座","qu.cn","2021-08-16 16:18:43"
1522673,"16603","00296","贺鹏","F","35","关岭路A座","xiulan.cn","2021-08-16 16:18:43"
1522361,"16979","00260","余红梅","F","15","荆门路n座","liyong.cn","2021-08-16 16:18:43"
1522362,"15553","00259","张丽华","M","50","孙路U座","05.com","2021-08-16 16:18:43"
1522363,"15113","00276","植丽","F","33","黄路o座","05.net","2021-08-16 16:18:43"
1522364,"15681","00211","蓝雪梅","F","22","徐街l座","yanpeng.cn","2021-08-16 16:18:43"
1522365,"15091","00336","顾柳","M","46","唐街D座","qiangzou.cn","2021-08-16 16:18:43"
1522366,"16690","00240","温秀芳","F","15","北京街L座","pd.cn","2021-08-16 16:18:43"
1522367,"16935","00250","董旭","F","17","徐路I座","aa.cn","2021-08-16 16:18:43"
1522368,"15451","00263","石兰英","F","25","乌鲁木齐路R座","yangkong.org","2021-08-16 16:18:43"
1522369,"15222","00323","袁桂兰","F","47","彭街G座","yanfang.cn","2021-08-16 16:18:43"
1522370,"15111","00293","钟艳","M","27","李路w座","sunmeng.net","2021-08-16 16:18:43"
1522371,"16438","00347","黄云","M","37","梧州街p座","17.cn","2021-08-16 16:18:43"
1522372,"16344","00334","王琳","M","29","毛路M座","ping.net","2021-08-16 16:18:43"
1522373,"16042","00303","陈华","M","36","齐齐哈尔路V座","lixiulan.cn","2021-08-16 16:18:43"
1522374,"15249","00219","高志强","M","35","沈阳路I座","oa.cn","2021-08-16 16:18:43"
1522375,"16058","00315","黄岩","F","20","成街J座","sz.cn","2021-08-16 16:18:43"
1522376,"15662","00284","徐雷","M","27","永安街S座","yongyong.cn","2021-08-16 16:18:43"
1522377,"15275","00285","单丽华","M","26","济南街S座","yanggang.cn","2021-08-16 16:18:43"
1522378,"15997","00335","任璐","M","37","合肥街m座","guiyingxu.cn","2021-08-16 16:18:43"
1522379,"15628","00305","张桂珍","F","16","曹路y座","kong.cn","2021-08-16 16:18:43"
1522380,"16132","00289","黄瑜","F","42","拉萨街A座","guiying.cn","2021-08-16 16:18:43"
1522401,"16356","00317","刘秀荣","F","15","西宁路A座","zhengfan.cn","2021-08-16 16:18:43"
1522402,"16957","00201","徐丽娟","F","17","黄街I座","gangxiulan.cn","2021-08-16 16:18:43"
1522403,"16072","00224","孟梅","F","45","贵阳街s座","guiying.net","2021-08-16 16:18:43"
1522404,"15261","00347","曾磊","M","34","谌路G座","juanpan.cn","2021-08-16 16:18:43"
1522406,"15209","00321","刘英","M","29","台北街F座","tang.cn","2021-08-16 16:18:43"
1522407,"16392","00232","管玉梅","M","39","成都路r座","feng.cn","2021-08-16 16:18:43"
1522408,"15600","00232","武桂英","M","26","马街Y座","jie.cn","2021-08-16 16:18:43"
1522410,"16464","00202","周秀华","M","18","沈阳街O座","vi.cn","2021-08-16 16:18:43"
1522412,"16177","00349","郝敏","M","36","巢湖路j座","04.cn","2021-08-16 16:18:43"
1522414,"15227","00244","裴彬","F","47","六盘水路H座","yanlei.cn","2021-08-16 16:18:43"
1522416,"15090","00323","曾杨","M","36","辛路P座","yonglei.cn","2021-08-16 16:18:43"
1522418,"15712","00346","夏桂荣","F","22","廖街X座","xiuyingna.cn","2021-08-16 16:18:43"
1522420,"16892","00283","娄博","M","39","澳门路a座","napeng.cn","2021-08-16 16:18:43"
1522461,"15062","00212","漆超","F","27","刘路r座","xiang.cn","2021-08-16 16:18:43"
1522462,"16528","00212","张强","M","27","萧街k座","weiyan.net","2021-08-16 16:18:43"
1522463,"16326","00274","兰丽娟","F","41","张路G座","yang.cn","2021-08-16 16:18:43"
1522464,"16181","00339","张玉兰","F","34","张街c座","tn.cn","2021-08-16 16:18:43"
1522466,"15139","00321","潘凤英","M","26","陈路J座","yeyuan.cn","2021-08-16 16:18:43"
1522467,"16258","00271","蒲丽","M","18","袁路C座","fang.cn","2021-08-16 16:18:43"
1522468,"15934","00305","金凤英","M","24","澳门路I座","lipan.net","2021-08-16 16:18:43"
1522470,"15450","00334","罗桂芳","F","30","佛山街h座","gusun.cn","2021-08-16 16:18:43"
1522472,"15078","00300","黄飞","M","29","王路d座","moduan.cn","2021-08-16 16:18:43"
1522474,"16318","00336","赵亮","M","45","南京路x座","leimin.cn","2021-08-16 16:18:43"
1522476,"15460","00309","唐杰","M","42","六安路Z座","jingjun.cn","2021-08-16 16:18:43"
1522478,"16591","00266","周凤兰","F","30","况街P座","weijun.cn","2021-08-16 16:18:43"
1522480,"15317","00215","樊梅","F","27","张路X座","zu.cn","2021-08-16 16:18:43"
1522521,"16186","00265","李洁","F","20","辽阳街t座","fangwan.cn","2021-08-16 16:18:43"
1522522,"15911","00327","郑红霞","F","38","吴路i座","jianghao.cn","2021-08-16 16:18:43"
1522523,"16380","00275","刘欢","F","28","钱路R座","jun.cn","2021-08-16 16:18:43"
1522524,"16482","00273","陈浩","F","18","太原街x座","gang.cn","2021-08-16 16:18:43"
1522526,"15346","00298","姜欢","F","22","南京街k座","li.cn","2021-08-16 16:18:43"
1522527,"16780","00245","康婷","F","47","曹路L座","fangcui.cn","2021-08-16 16:18:43"
1522528,"16590","00339","李洋","F","20","萧路U座","maozhou.cn","2021-08-16 16:18:43"
1522530,"15967","00200","倪杨","M","35","徐路B座","nayong.cn","2021-08-16 16:18:43"
1522532,"16439","00337","赵淑英","M","23","长春街p座","qiu.cn","2021-08-16 16:18:43"
1522534,"16813","00302","曾明","F","15","淮安路n座","tan.cn","2021-08-16 16:18:43"
1522536,"15517","00310","葛桂英","M","43","杨街B座","jiangren.cn","2021-08-16 16:18:43"
1522538,"15642","00240","冯成","F","37","宜都路p座","yanmin.com","2021-08-16 16:18:43"
1522540,"15344","00205","徐建平","F","32","陈街Z座","nasong.cn","2021-08-16 16:18:43"
1522581,"16876","00221","陈小红","M","18","汪街f座","minliao.org","2021-08-16 16:18:43"
1522582,"15251","00320","刘兵","F","38","通辽路t座","56.com","2021-08-16 16:18:43"
1522583,"15795","00316","宋晶","M","27","刘路J座","sw.cn","2021-08-16 16:18:43"
1522584,"15830","00277","杨玉梅","M","15","宋路g座","94.cn","2021-08-16 16:18:43"
1522586,"16140","00221","马坤","M","30","郑路C座","mingsun.cn","2021-08-16 16:18:43"
1522587,"15509","00304","谢文","M","44","香港街N座","liang.cn","2021-08-16 16:18:43"
1522589,"16446","00279","范婷","M","32","王路g座","gang.cn","2021-08-16 16:18:43"
1522591,"16059","00341","刘建军","M","20","通辽路a座","zhoulai.cn","2021-08-16 16:18:43"
1522593,"15719","00219","王云","F","49","成都街D座","rg.net","2021-08-16 16:18:43"
1522595,"15772","00232","范婷婷","F","18","金街t座","ww.cn","2021-08-16 16:18:43"
1522597,"15601","00204","李兰英","F","37","张家港路P座","yanhou.cn","2021-08-16 16:18:43"
1522599,"16223","00282","王玉梅","F","28","张家港街X座","tao.cn","2021-08-16 16:18:43"
1522624,"16914","00313","田亮","F","45","兰州路M座","liao.cn","2021-08-16 16:18:43"
1522627,"15345","00314","朱岩","M","34","刘街O座","cv.cn","2021-08-16 16:18:43"
1522628,"15115","00280","王琳","F","32","银川街B座","17.org","2021-08-16 16:18:43"
1522630,"16361","00208","韦婷","M","21","拉萨街h座","mingu.cn","2021-08-16 16:18:43"
1522632,"15641","00302","程涛","F","23","广州路u座","yaobai.net","2021-08-16 16:18:43"
1522634,"16819","00310","谢建平","M","18","周街q座","kn.com","2021-08-16 16:18:43"
1522636,"16286","00289","谢楠","M","34","沈阳街W座","juanchao.cn","2021-08-16 16:18:43"
1522638,"16121","00229","黄健","F","30","济南路e座","09.cn","2021-08-16 16:18:43"
1522640,"16704","00238","李丽丽","M","23","杨街K座","au.net","2021-08-16 16:18:43"
1522681,"15519","00275","韩波","F","40","辽阳街T座","leiqian.cn","2021-08-16 16:18:43"
1522682,"15624","00321","李飞","F","50","任路O座","motang.cn","2021-08-16 16:18:43"
1522683,"16978","00238","黄浩","M","38","彭路c座","ih.cn","2021-08-16 16:18:43"
1522684,"15195","00276","王欣","F","21","龚路c座","zhao.com","2021-08-16 16:18:43"
1522686,"16511","00341","娄英","F","33","吴街S座","yongjuan.cn","2021-08-16 16:18:43"
1522687,"16082","00281","毕琴","F","20","王路y座","yangli.cn","2021-08-16 16:18:43"
1522689,"16527","00234","展建华","M","27","张街Q座","wv.com","2021-08-16 16:18:43"
1522691,"15359","00267","李丽丽","M","41","贵阳路Z座","43.cn","2021-08-16 16:18:43"
1522693,"16647","00302","王晶","F","33","何街w座","yan.cn","2021-08-16 16:18:43"
1522695,"15145","00246","邵玉英","F","46","郭路p座","pingqiao.cn","2021-08-16 16:18:43"
1522697,"16469","00230","阳秀云","M","47","沈阳街p座","panqiu.cn","2021-08-16 16:18:43"
1522699,"16130","00271","周帅","M","45","西宁街f座","lei.cn","2021-08-16 16:18:43"
1522721,"16040","00281","张娜","M","37","洪路r座","shixue.com","2021-08-16 16:18:43"
1522722,"15541","00211","林坤","F","39","严路J座","jie.cn","2021-08-16 16:18:43"
1522723,"15618","00302","吕莉","F","39","蒋街f座","fang.cn","2021-08-16 16:18:43"
1522724,"16110","00295","曹玉","M","50","成都街U座","pc.net","2021-08-16 16:18:43"
1522726,"16847","00345","陈淑华","F","26","关岭路x座","guoshi.cn","2021-08-16 16:18:43"
1522727,"15850","00296","隋雷","F","42","南京路W座","yt.cn","2021-08-16 16:18:43"
1522728,"16978","00279","陈桂英","F","19","吴路J座","yanghao.cn","2021-08-16 16:18:43"
1522730,"15919","00200","王秀珍","F","26","西安街J座","ma.cn","2021-08-16 16:18:43"
1522732,"16611","00350","许芳","M","28","乌鲁木齐街Y座","qiancao.cn","2021-08-16 16:18:43"
1522734,"16395","00291","周健","F","16","成都路G座","jingdong.cn","2021-08-16 16:18:43"
1522736,"16407","00232","纪淑英","F","29","苗路g座","91.net","2021-08-16 16:18:43"
1522738,"16024","00269","龙芳","F","47","汪路v座","min.cn","2021-08-16 16:18:43"
1522740,"16952","00239","沈丽丽","M","34","贵阳街E座","xiao.com","2021-08-16 16:18:43"
1522764,"15859","00259","罗春梅","F","40","哈尔滨街b座","caoyang.cn","2021-08-16 16:18:43"
1522768,"15953","00267","田博","M","17","黄路g座","xiuyingna.net","2021-08-16 16:18:43"
1522770,"16397","00337","刘玉梅","M","28","阜新街A座","xu.net","2021-08-16 16:18:43"
1522772,"15866","00206","郑峰","M","50","阜新路l座","najia.cn","2021-08-16 16:18:43"
1522774,"16530","00323","孙秀芳","F","18","李路P座","chaogong.cn","2021-08-16 16:18:43"
1522776,"16525","00221","石雪梅","F","28","澳门路I座","05.org","2021-08-16 16:18:43"
1522778,"15688","00287","范玉","F","15","太原路A座","leiqiang.cn","2021-08-16 16:18:43"
1522780,"16752","00335","刘秀兰","M","24","武汉路g座","weiguiying.cn","2021-08-16 16:18:43"
1522805,"15778","00324","徐淑珍","M","50","西宁路u座","taoqiu.cn","2021-08-16 16:18:43"
1522808,"16368","00316","周超","F","15","关岭街x座","ch.cn","2021-08-16 16:18:43"
1522810,"15804","00208","张丹","M","27","香港路Q座","gh.cn","2021-08-16 16:18:43"
1522812,"16276","00290","符丽娟","F","32","辛集街F座","35.cn","2021-08-16 16:18:43"
1522814,"15119","00248","杨旭","M","45","白街C座","ec.cn","2021-08-16 16:18:43"
1522816,"15031","00333","吴桂荣","M","32","刘路c座","mao.cn","2021-08-16 16:18:43"
1522818,"15272","00282","林军","M","19","孙路e座","xiulan.org","2021-08-16 16:18:43"
1522820,"15482","00248","郭想","F","15","李路z座","guiyingjun.cn","2021-08-16 16:18:43"
1522844,"16585","00319","贾琴","F","43","重庆路T座","yinyang.cn","2021-08-16 16:18:43"
1522848,"15975","00315","谢利","M","46","昆明街k座","mingmeng.cn","2021-08-16 16:18:43"
1522850,"16079","00341","耿彬","F","40","石家庄路E座","jiegong.cn","2021-08-16 16:18:43"
1522852,"16300","00214","李丽丽","F","31","西安街e座","weili.cn","2021-08-16 16:18:43"
1522854,"16501","00334","陈春梅","F","50","台北街V座","73.cn","2021-08-16 16:18:43"
1522855,"16657","00325","张辉","F","27","郑州路Z座","zou.cn","2021-08-16 16:18:43"
1522857,"16127","00295","龙颖","M","18","吴街t座","94.cn","2021-08-16 16:18:43"
1522859,"15615","00347","吴勇","M","32","杨街y座","60.net","2021-08-16 16:18:43"
1522881,"15682","00350","蔡晨","M","25","南宁路Y座","lei.cn","2021-08-16 16:18:43"
1522882,"15850","00247","唐凤兰","M","20","深圳路E座","lei.cn","2021-08-16 16:18:43"
1522883,"16921","00302","王磊","M","21","荆门街j座","yongguiying.cn","2021-08-16 16:18:43"
1522885,"16758","00252","戴坤","M","32","太原路d座","hezhu.cn","2021-08-16 16:18:43"
1522886,"16907","00314","邓斌","M","33","淮安街M座","85.cn","2021-08-16 16:18:43"
1522887,"16659","00254","李雪","M","28","辛集路A座","xiong.cn","2021-08-16 16:18:43"
1522889,"16951","00248","杨桂花","M","40","兰州路k座","wen.org","2021-08-16 16:18:43"
1522891,"15578","00319","吴丽","F","15","傅街b座","vj.cn","2021-08-16 16:18:43"
1522893,"16184","00286","张辉","M","17","柳州街h座","jiewei.cn","2021-08-16 16:18:43"
1522895,"15635","00326","黄畅","F","31","徐街U座","79.cn","2021-08-16 16:18:43"
1522897,"16786","00309","魏雷","M","23","惠州路t座","fumao.cn","2021-08-16 16:18:43"
1522899,"16596","00210","郭欣","M","37","冯路N座","dushen.cn","2021-08-16 16:18:43"
1522925,"15636","00334","吴璐","F","35","高街P座","leili.cn","2021-08-16 16:18:43"
1522928,"15021","00301","张玉","F","31","合肥路j座","yan.net","2021-08-16 16:18:43"
1522929,"16457","00287","牛婷","M","22","徐街S座","feng.net","2021-08-16 16:18:43"
1522930,"15848","00227","谢建国","M","39","林路o座","leiping.cn","2021-08-16 16:18:43"
1522931,"16472","00302","苏楠","F","26","郭路b座","fanghou.cn","2021-08-16 16:18:43"
1522932,"16558","00258","任敏","F","16","奚路l座","ming.cn","2021-08-16 16:18:43"
1522933,"16584","00236","彭莉","F","25","王路N座","ma.net","2021-08-16 16:18:43"
1522934,"16649","00306","罗莹","M","43","陈街u座","xiulanna.cn","2021-08-16 16:18:43"
1522935,"15420","00244","王淑华","M","24","沈阳街q座","chaoyang.cn","2021-08-16 16:18:43"
1522936,"15561","00233","韩秀梅","M","27","邯郸街K座","ze.net","2021-08-16 16:18:43"
1522937,"15764","00212","韦秀梅","F","26","北镇路v座","rr.cn","2021-08-16 16:18:43"
1522938,"15757","00331","曹建平","F","44","高街U座","bu.cn","2021-08-16 16:18:43"
1522939,"16220","00243","陈春梅","M","50","台北路I座","yangming.cn","2021-08-16 16:18:43"
1522940,"16409","00242","刘超","F","40","福州街v座","56.net","2021-08-16 16:18:43"
1522972,"15507","00239","李秀云","F","18","陈路P座","yuanmao.cn","2021-08-16 16:18:43"
1522973,"16121","00227","白瑞","F","29","张家港路m座","nayan.cn","2021-08-16 16:18:43"
1522974,"16593","00249","叶春梅","F","29","卢街z座","77.cn","2021-08-16 16:18:43"
1522975,"16500","00293","祝洁","F","28","林街i座","zhengbai.org","2021-08-16 16:18:43"
1522976,"16057","00252","王飞","F","43","秦街m座","iz.cn","2021-08-16 16:18:43"
1522977,"15124","00216","黄艳","M","35","王街C座","fc.cn","2021-08-16 16:18:43"
1522978,"15518","00258","唐瑞","F","27","济南街y座","yongjie.net","2021-08-16 16:18:43"
1522979,"15157","00210","舒淑英","M","32","董路i座","yanxia.cn","2021-08-16 16:18:43"
1522980,"16901","00344","王淑兰","F","22","梁路s座","qiang.cn","2021-08-16 16:18:43"
1523001,"15142","00253","潘冬梅","M","36","柳州街q座","jinqian.net","2021-08-16 16:18:43"
1523002,"15628","00339","郭建平","F","36","许路P座","34.cn","2021-08-16 16:18:43"
1523003,"15982","00282","刘丹丹","M","40","徐路I座","liaohan.cn","2021-08-16 16:18:43"
1523004,"15107","00232","戴俊","F","29","刘街L座","leitian.cn","2021-08-16 16:18:43"
1523005,"15685","00255","朱秀梅","F","48","大冶路A座","fanwei.cn","2021-08-16 16:18:43"
1523006,"15486","00217","陈瑞","F","19","马街L座","qian.cn","2021-08-16 16:18:43"
1523007,"15626","00221","莫志强","M","48","梁路J座","fa.net","2021-08-16 16:18:43"
1523008,"15717","00258","阳小红","M","19","天津街m座","qinwang.cn","2021-08-16 16:18:43"
1523009,"16034","00268","薛雷","M","15","齐路O座","naming.cn","2021-08-16 16:18:43"
1523010,"16100","00267","贾敏","F","42","陈路i座","song.com","2021-08-16 16:18:43"
1523011,"15454","00226","王婷婷","F","19","荆门路p座","dg.cn","2021-08-16 16:18:43"
1523012,"15076","00274","郝建","F","15","郭路M座","ren.cn","2021-08-16 16:18:43"
1523013,"15270","00243","蔡雪梅","M","28","永安路e座","xia.net","2021-08-16 16:18:43"
1523014,"15008","00293","李磊","M","20","李街V座","na.cn","2021-08-16 16:18:43"
1523015,"16831","00328","张璐","M","18","石家庄街n座","98.cn","2021-08-16 16:18:43"
1523016,"15871","00215","李梅","F","38","重庆路v座","lei.cn","2021-08-16 16:18:43"
1523017,"16785","00221","何娜","F","33","武街D座","gao.org","2021-08-16 16:18:43"
1523018,"15690","00270","吴飞","M","37","海门街u座","ka.cn","2021-08-16 16:18:43"
1523019,"15606","00329","周兵","F","39","嘉禾街b座","nq.cn","2021-08-16 16:18:43"
1523020,"15077","00275","薛桂兰","F","35","叶街T座","lianglai.cn","2021-08-16 16:18:43"
1523030,"15857","00238","吴辉","M","45","兴城路d座","fangyang.net","2021-08-16 16:18:43"
1523034,"16281","00225","范琴","M","27","吴路z座","pingpan.cn","2021-08-16 16:18:43"
1523036,"15283","00247","郭洁","M","22","周路G座","rq.com","2021-08-16 16:18:43"
1523038,"16791","00334","张燕","M","18","合山街a座","77.cn","2021-08-16 16:18:43"
1523040,"16561","00293","王斌","M","40","苏街N座","xiedong.cn","2021-08-16 16:18:43"
1523042,"15512","00336","萧俊","F","21","合肥路T座","jin.cn","2021-08-16 16:18:43"
1523045,"15079","00313","焦想","M","43","莫路P座","weixia.cn","2021-08-16 16:18:43"
1523047,"15185","00202","张畅","F","30","大冶路w座","24.cn","2021-08-16 16:18:43"
1523049,"16046","00238","叶伟","F","15","范街K座","han.net","2021-08-16 16:18:43"
1523051,"15913","00231","白静","M","24","段街o座","50.cn","2021-08-16 16:18:43"
1523052,"15702","00320","李凤兰","M","25","周路c座","pb.net","2021-08-16 16:18:43"
1523053,"15604","00214","周秀荣","F","19","深圳街c座","jing.cn","2021-08-16 16:18:43"
1523054,"15935","00277","李春梅","F","31","孙街G座","fangfang.cn","2021-08-16 16:18:43"
1523055,"16344","00246","郝红","M","34","银川街C座","lq.cn","2021-08-16 16:18:43"
1523057,"16458","00226","苗佳","M","47","吴路U座","qu.cn","2021-08-16 16:18:43"
1523059,"16603","00296","贺鹏","F","35","关岭路A座","xiulan.cn","2021-08-16 16:18:43"
1522349,"16979","00260","余红梅","F","15","荆门路n座","liyong.cn","2021-08-16 16:18:43"
1522350,"15553","00259","张丽华","M","50","孙路U座","05.com","2021-08-16 16:18:43"
1522351,"15113","00276","植丽","F","33","黄路o座","05.net","2021-08-16 16:18:43"
1522352,"15681","00211","蓝雪梅","F","22","徐街l座","yanpeng.cn","2021-08-16 16:18:43"
1522353,"15091","00336","顾柳","M","46","唐街D座","qiangzou.cn","2021-08-16 16:18:43"
1522354,"16690","00240","温秀芳","F","15","北京街L座","pd.cn","2021-08-16 16:18:43"
1522355,"16935","00250","董旭","F","17","徐路I座","aa.cn","2021-08-16 16:18:43"
1522356,"15451","00263","石兰英","F","25","乌鲁木齐路R座","yangkong.org","2021-08-16 16:18:43"
1522357,"15222","00323","袁桂兰","F","47","彭街G座","yanfang.cn","2021-08-16 16:18:43"
1522358,"15111","00293","钟艳","M","27","李路w座","sunmeng.net","2021-08-16 16:18:43"
1522359,"16438","00347","黄云","M","37","梧州街p座","17.cn","2021-08-16 16:18:43"
1522360,"16344","00334","王琳","M","29","毛路M座","ping.net","2021-08-16 16:18:43"
1522384,"16042","00303","陈华","M","36","齐齐哈尔路V座","lixiulan.cn","2021-08-16 16:18:43"
1522388,"15249","00219","高志强","M","35","沈阳路I座","oa.cn","2021-08-16 16:18:43"
1522390,"16058","00315","黄岩","F","20","成街J座","sz.cn","2021-08-16 16:18:43"
1522392,"15662","00284","徐雷","M","27","永安街S座","yongyong.cn","2021-08-16 16:18:43"
1522394,"15275","00285","单丽华","M","26","济南街S座","yanggang.cn","2021-08-16 16:18:43"
1522396,"15997","00335","任璐","M","37","合肥街m座","guiyingxu.cn","2021-08-16 16:18:43"
1522398,"15628","00305","张桂珍","F","16","曹路y座","kong.cn","2021-08-16 16:18:43"
1522400,"16132","00289","黄瑜","F","42","拉萨街A座","guiying.cn","2021-08-16 16:18:43"
1522441,"16356","00317","刘秀荣","F","15","西宁路A座","zhengfan.cn","2021-08-16 16:18:43"
1522442,"16957","00201","徐丽娟","F","17","黄街I座","gangxiulan.cn","2021-08-16 16:18:43"
1522443,"16072","00224","孟梅","F","45","贵阳街s座","guiying.net","2021-08-16 16:18:43"
1522444,"15261","00347","曾磊","M","34","谌路G座","juanpan.cn","2021-08-16 16:18:43"
1522445,"15209","00321","刘英","M","29","台北街F座","tang.cn","2021-08-16 16:18:43"
1522447,"16392","00232","管玉梅","M","39","成都路r座","feng.cn","2021-08-16 16:18:43"
1522448,"15600","00232","武桂英","M","26","马街Y座","jie.cn","2021-08-16 16:18:43"
1522449,"16464","00202","周秀华","M","18","沈阳街O座","vi.cn","2021-08-16 16:18:43"
1522451,"16177","00349","郝敏","M","36","巢湖路j座","04.cn","2021-08-16 16:18:43"
1522453,"15227","00244","裴彬","F","47","六盘水路H座","yanlei.cn","2021-08-16 16:18:43"
1522455,"15090","00323","曾杨","M","36","辛路P座","yonglei.cn","2021-08-16 16:18:43"
1522456,"15712","00346","夏桂荣","F","22","廖街X座","xiuyingna.cn","2021-08-16 16:18:43"
1522457,"16892","00283","娄博","M","39","澳门路a座","napeng.cn","2021-08-16 16:18:43"
1522458,"15062","00212","漆超","F","27","刘路r座","xiang.cn","2021-08-16 16:18:43"
1522459,"16528","00212","张强","M","27","萧街k座","weiyan.net","2021-08-16 16:18:43"
1522460,"16326","00274","兰丽娟","F","41","张路G座","yang.cn","2021-08-16 16:18:43"
1522501,"16181","00339","张玉兰","F","34","张街c座","tn.cn","2021-08-16 16:18:43"
1522502,"15139","00321","潘凤英","M","26","陈路J座","yeyuan.cn","2021-08-16 16:18:43"
1522503,"16258","00271","蒲丽","M","18","袁路C座","fang.cn","2021-08-16 16:18:43"
1522505,"15934","00305","金凤英","M","24","澳门路I座","lipan.net","2021-08-16 16:18:43"
1522506,"15450","00334","罗桂芳","F","30","佛山街h座","gusun.cn","2021-08-16 16:18:43"
1522507,"15078","00300","黄飞","M","29","王路d座","moduan.cn","2021-08-16 16:18:43"
1522509,"16318","00336","赵亮","M","45","南京路x座","leimin.cn","2021-08-16 16:18:43"
1522511,"15460","00309","唐杰","M","42","六安路Z座","jingjun.cn","2021-08-16 16:18:43"
1522513,"16591","00266","周凤兰","F","30","况街P座","weijun.cn","2021-08-16 16:18:43"
1522515,"15317","00215","樊梅","F","27","张路X座","zu.cn","2021-08-16 16:18:43"
1522517,"16186","00265","李洁","F","20","辽阳街t座","fangwan.cn","2021-08-16 16:18:43"
1522519,"15911","00327","郑红霞","F","38","吴路i座","jianghao.cn","2021-08-16 16:18:43"
1522544,"16380","00275","刘欢","F","28","钱路R座","jun.cn","2021-08-16 16:18:43"
1522548,"16482","00273","陈浩","F","18","太原街x座","gang.cn","2021-08-16 16:18:43"
1522550,"15346","00298","姜欢","F","22","南京街k座","li.cn","2021-08-16 16:18:43"
1522552,"16780","00245","康婷","F","47","曹路L座","fangcui.cn","2021-08-16 16:18:43"
1522554,"16590","00339","李洋","F","20","萧路U座","maozhou.cn","2021-08-16 16:18:43"
1522555,"15967","00200","倪杨","M","35","徐路B座","nayong.cn","2021-08-16 16:18:43"
1522556,"16439","00337","赵淑英","M","23","长春街p座","qiu.cn","2021-08-16 16:18:43"
1522559,"16813","00302","曾明","F","15","淮安路n座","tan.cn","2021-08-16 16:18:43"
1522585,"15517","00310","葛桂英","M","43","杨街B座","jiangren.cn","2021-08-16 16:18:43"
1522588,"15642","00240","冯成","F","37","宜都路p座","yanmin.com","2021-08-16 16:18:43"
1522590,"15344","00205","徐建平","F","32","陈街Z座","nasong.cn","2021-08-16 16:18:43"
1522592,"16876","00221","陈小红","M","18","汪街f座","minliao.org","2021-08-16 16:18:43"
1522594,"15251","00320","刘兵","F","38","通辽路t座","56.com","2021-08-16 16:18:43"
1522596,"15795","00316","宋晶","M","27","刘路J座","sw.cn","2021-08-16 16:18:43"
1522598,"15830","00277","杨玉梅","M","15","宋路g座","94.cn","2021-08-16 16:18:43"
1522600,"16140","00221","马坤","M","30","郑路C座","mingsun.cn","2021-08-16 16:18:43"
1522641,"15509","00304","谢文","M","44","香港街N座","liang.cn","2021-08-16 16:18:43"
1522642,"16446","00279","范婷","M","32","王路g座","gang.cn","2021-08-16 16:18:43"
1522643,"16059","00341","刘建军","M","20","通辽路a座","zhoulai.cn","2021-08-16 16:18:43"
1522644,"15719","00219","王云","F","49","成都街D座","rg.net","2021-08-16 16:18:43"
1522646,"15772","00232","范婷婷","F","18","金街t座","ww.cn","2021-08-16 16:18:43"
1522647,"15601","00204","李兰英","F","37","张家港路P座","yanhou.cn","2021-08-16 16:18:43"
1522649,"16223","00282","王玉梅","F","28","张家港街X座","tao.cn","2021-08-16 16:18:43"
1522651,"16914","00313","田亮","F","45","兰州路M座","liao.cn","2021-08-16 16:18:43"
1522653,"15345","00314","朱岩","M","34","刘街O座","cv.cn","2021-08-16 16:18:43"
1522655,"15115","00280","王琳","F","32","银川街B座","17.org","2021-08-16 16:18:43"
1522657,"16361","00208","韦婷","M","21","拉萨街h座","mingu.cn","2021-08-16 16:18:43"
1522659,"15641","00302","程涛","F","23","广州路u座","yaobai.net","2021-08-16 16:18:43"
1522685,"16819","00310","谢建平","M","18","周街q座","kn.com","2021-08-16 16:18:43"
1522688,"16286","00289","谢楠","M","34","沈阳街W座","juanchao.cn","2021-08-16 16:18:43"
1522690,"16121","00229","黄健","F","30","济南路e座","09.cn","2021-08-16 16:18:43"
1522692,"16704","00238","李丽丽","M","23","杨街K座","au.net","2021-08-16 16:18:43"
1522694,"15519","00275","韩波","F","40","辽阳街T座","leiqian.cn","2021-08-16 16:18:43"
1522696,"15624","00321","李飞","F","50","任路O座","motang.cn","2021-08-16 16:18:43"
1522698,"16978","00238","黄浩","M","38","彭路c座","ih.cn","2021-08-16 16:18:43"
1522700,"15195","00276","王欣","F","21","龚路c座","zhao.com","2021-08-16 16:18:43"
1522725,"16511","00341","娄英","F","33","吴街S座","yongjuan.cn","2021-08-16 16:18:43"
1522729,"16082","00281","毕琴","F","20","王路y座","yangli.cn","2021-08-16 16:18:43"
1522731,"16527","00234","展建华","M","27","张街Q座","wv.com","2021-08-16 16:18:43"
1522733,"15359","00267","李丽丽","M","41","贵阳路Z座","43.cn","2021-08-16 16:18:43"
1522735,"16647","00302","王晶","F","33","何街w座","yan.cn","2021-08-16 16:18:43"
1522737,"15145","00246","邵玉英","F","46","郭路p座","pingqiao.cn","2021-08-16 16:18:43"
1522739,"16469","00230","阳秀云","M","47","沈阳街p座","panqiu.cn","2021-08-16 16:18:43"
1522761,"16130","00271","周帅","M","45","西宁街f座","lei.cn","2021-08-16 16:18:43"
1522762,"16040","00281","张娜","M","37","洪路r座","shixue.com","2021-08-16 16:18:43"
1522763,"15541","00211","林坤","F","39","严路J座","jie.cn","2021-08-16 16:18:43"
1522765,"15618","00302","吕莉","F","39","蒋街f座","fang.cn","2021-08-16 16:18:43"
1522766,"16110","00295","曹玉","M","50","成都街U座","pc.net","2021-08-16 16:18:43"
1522767,"16847","00345","陈淑华","F","26","关岭路x座","guoshi.cn","2021-08-16 16:18:43"
1522769,"15850","00296","隋雷","F","42","南京路W座","yt.cn","2021-08-16 16:18:43"
1522771,"16978","00279","陈桂英","F","19","吴路J座","yanghao.cn","2021-08-16 16:18:43"
1522773,"15919","00200","王秀珍","F","26","西安街J座","ma.cn","2021-08-16 16:18:43"
1522775,"16611","00350","许芳","M","28","乌鲁木齐街Y座","qiancao.cn","2021-08-16 16:18:43"
1522777,"16395","00291","周健","F","16","成都路G座","jingdong.cn","2021-08-16 16:18:43"
1522779,"16407","00232","纪淑英","F","29","苗路g座","91.net","2021-08-16 16:18:43"
1522801,"16024","00269","龙芳","F","47","汪路v座","min.cn","2021-08-16 16:18:43"
1522802,"16952","00239","沈丽丽","M","34","贵阳街E座","xiao.com","2021-08-16 16:18:43"
1522803,"15859","00259","罗春梅","F","40","哈尔滨街b座","caoyang.cn","2021-08-16 16:18:43"
1522804,"15953","00267","田博","M","17","黄路g座","xiuyingna.net","2021-08-16 16:18:43"
1522806,"16397","00337","刘玉梅","M","28","阜新街A座","xu.net","2021-08-16 16:18:43"
1522807,"15866","00206","郑峰","M","50","阜新路l座","najia.cn","2021-08-16 16:18:43"
1522809,"16530","00323","孙秀芳","F","18","李路P座","chaogong.cn","2021-08-16 16:18:43"
1522811,"16525","00221","石雪梅","F","28","澳门路I座","05.org","2021-08-16 16:18:43"
1522813,"15688","00287","范玉","F","15","太原路A座","leiqiang.cn","2021-08-16 16:18:43"
1522815,"16752","00335","刘秀兰","M","24","武汉路g座","weiguiying.cn","2021-08-16 16:18:43"
1522817,"15778","00324","徐淑珍","M","50","西宁路u座","taoqiu.cn","2021-08-16 16:18:43"
1522819,"16368","00316","周超","F","15","关岭街x座","ch.cn","2021-08-16 16:18:43"
1522841,"15804","00208","张丹","M","27","香港路Q座","gh.cn","2021-08-16 16:18:43"
1522842,"16276","00290","符丽娟","F","32","辛集街F座","35.cn","2021-08-16 16:18:43"
1522843,"15119","00248","杨旭","M","45","白街C座","ec.cn","2021-08-16 16:18:43"
1522845,"15031","00333","吴桂荣","M","32","刘路c座","mao.cn","2021-08-16 16:18:43"
1522846,"15272","00282","林军","M","19","孙路e座","xiulan.org","2021-08-16 16:18:43"
1522847,"15482","00248","郭想","F","15","李路z座","guiyingjun.cn","2021-08-16 16:18:43"
1522849,"16585","00319","贾琴","F","43","重庆路T座","yinyang.cn","2021-08-16 16:18:43"
1522851,"15975","00315","谢利","M","46","昆明街k座","mingmeng.cn","2021-08-16 16:18:43"
1522853,"16079","00341","耿彬","F","40","石家庄路E座","jiegong.cn","2021-08-16 16:18:43"
1522856,"16300","00214","李丽丽","F","31","西安街e座","weili.cn","2021-08-16 16:18:43"
1522858,"16501","00334","陈春梅","F","50","台北街V座","73.cn","2021-08-16 16:18:43"
1522860,"16657","00325","张辉","F","27","郑州路Z座","zou.cn","2021-08-16 16:18:43"
1522884,"16127","00295","龙颖","M","18","吴街t座","94.cn","2021-08-16 16:18:43"
1522888,"15615","00347","吴勇","M","32","杨街y座","60.net","2021-08-16 16:18:43"
1522890,"15682","00350","蔡晨","M","25","南宁路Y座","lei.cn","2021-08-16 16:18:43"
1522892,"15850","00247","唐凤兰","M","20","深圳路E座","lei.cn","2021-08-16 16:18:43"
1522894,"16921","00302","王磊","M","21","荆门街j座","yongguiying.cn","2021-08-16 16:18:43"
1522896,"16758","00252","戴坤","M","32","太原路d座","hezhu.cn","2021-08-16 16:18:43"
1522898,"16907","00314","邓斌","M","33","淮安街M座","85.cn","2021-08-16 16:18:43"
1522900,"16659","00254","李雪","M","28","辛集路A座","xiong.cn","2021-08-16 16:18:43"
1522921,"16951","00248","杨桂花","M","40","兰州路k座","wen.org","2021-08-16 16:18:43"
1522922,"15578","00319","吴丽","F","15","傅街b座","vj.cn","2021-08-16 16:18:43"
1522923,"16184","00286","张辉","M","17","柳州街h座","jiewei.cn","2021-08-16 16:18:43"
1522924,"15635","00326","黄畅","F","31","徐街U座","79.cn","2021-08-16 16:18:43"
1522926,"16786","00309","魏雷","M","23","惠州路t座","fumao.cn","2021-08-16 16:18:43"
1522927,"16596","00210","郭欣","M","37","冯路N座","dushen.cn","2021-08-16 16:18:43"
1522988,"15636","00334","吴璐","F","35","高街P座","leili.cn","2021-08-16 16:18:43"
1522989,"15021","00301","张玉","F","31","合肥路j座","yan.net","2021-08-16 16:18:43"
1522990,"16457","00287","牛婷","M","22","徐街S座","feng.net","2021-08-16 16:18:43"
1522991,"15848","00227","谢建国","M","39","林路o座","leiping.cn","2021-08-16 16:18:43"
1522992,"16472","00302","苏楠","F","26","郭路b座","fanghou.cn","2021-08-16 16:18:43"
1522993,"16558","00258","任敏","F","16","奚路l座","ming.cn","2021-08-16 16:18:43"
1522994,"16584","00236","彭莉","F","25","王路N座","ma.net","2021-08-16 16:18:43"
1522995,"16649","00306","罗莹","M","43","陈街u座","xiulanna.cn","2021-08-16 16:18:43"
1522996,"15420","00244","王淑华","M","24","沈阳街q座","chaoyang.cn","2021-08-16 16:18:43"
1522997,"15561","00233","韩秀梅","M","27","邯郸街K座","ze.net","2021-08-16 16:18:43"
1522998,"15764","00212","韦秀梅","F","26","北镇路v座","rr.cn","2021-08-16 16:18:43"
1522999,"15757","00331","曹建平","F","44","高街U座","bu.cn","2021-08-16 16:18:43"
1523000,"16220","00243","陈春梅","M","50","台北路I座","yangming.cn","2021-08-16 16:18:43"
1523021,"16409","00242","刘超","F","40","福州街v座","56.net","2021-08-16 16:18:43"
1523022,"15507","00239","李秀云","F","18","陈路P座","yuanmao.cn","2021-08-16 16:18:43"
1523023,"16121","00227","白瑞","F","29","张家港路m座","nayan.cn","2021-08-16 16:18:43"
1523024,"16593","00249","叶春梅","F","29","卢街z座","77.cn","2021-08-16 16:18:43"
1523025,"16500","00293","祝洁","F","28","林街i座","zhengbai.org","2021-08-16 16:18:43"
1523026,"16057","00252","王飞","F","43","秦街m座","iz.cn","2021-08-16 16:18:43"
1523027,"15124","00216","黄艳","M","35","王街C座","fc.cn","2021-08-16 16:18:43"
1523028,"15518","00258","唐瑞","F","27","济南街y座","yongjie.net","2021-08-16 16:18:43"
1523029,"15157","00210","舒淑英","M","32","董路i座","yanxia.cn","2021-08-16 16:18:43"
1523031,"16901","00344","王淑兰","F","22","梁路s座","qiang.cn","2021-08-16 16:18:43"
1523032,"15142","00253","潘冬梅","M","36","柳州街q座","jinqian.net","2021-08-16 16:18:43"
1523033,"15628","00339","郭建平","F","36","许路P座","34.cn","2021-08-16 16:18:43"
1523035,"15982","00282","刘丹丹","M","40","徐路I座","liaohan.cn","2021-08-16 16:18:43"
1523037,"15107","00232","戴俊","F","29","刘街L座","leitian.cn","2021-08-16 16:18:43"
1523039,"15685","00255","朱秀梅","F","48","大冶路A座","fanwei.cn","2021-08-16 16:18:43"
1523041,"15486","00217","陈瑞","F","19","马街L座","qian.cn","2021-08-16 16:18:43"
1523043,"15626","00221","莫志强","M","48","梁路J座","fa.net","2021-08-16 16:18:43"
1523044,"15717","00258","阳小红","M","19","天津街m座","qinwang.cn","2021-08-16 16:18:43"
1523046,"16034","00268","薛雷","M","15","齐路O座","naming.cn","2021-08-16 16:18:43"
1523048,"16100","00267","贾敏","F","42","陈路i座","song.com","2021-08-16 16:18:43"
1523050,"15454","00226","王婷婷","F","19","荆门路p座","dg.cn","2021-08-16 16:18:43"
1523056,"15076","00274","郝建","F","15","郭路M座","ren.cn","2021-08-16 16:18:43"
1523058,"15270","00243","蔡雪梅","M","28","永安路e座","xia.net","2021-08-16 16:18:43"
1523060,"15008","00293","李磊","M","20","李街V座","na.cn","2021-08-16 16:18:43"
1523061,"16831","00328","张璐","M","18","石家庄街n座","98.cn","2021-08-16 16:18:43"
1523062,"15871","00215","李梅","F","38","重庆路v座","lei.cn","2021-08-16 16:18:43"
1523063,"16785","00221","何娜","F","33","武街D座","gao.org","2021-08-16 16:18:43"
1523064,"15690","00270","吴飞","M","37","海门街u座","ka.cn","2021-08-16 16:18:43"
1523065,"15606","00329","周兵","F","39","嘉禾街b座","nq.cn","2021-08-16 16:18:43"
1523066,"15077","00275","薛桂兰","F","35","叶街T座","lianglai.cn","2021-08-16 16:18:43"
1523067,"15857","00238","吴辉","M","45","兴城路d座","fangyang.net","2021-08-16 16:18:43"
1523068,"16281","00225","范琴","M","27","吴路z座","pingpan.cn","2021-08-16 16:18:43"
1523069,"15283","00247","郭洁","M","22","周路G座","rq.com","2021-08-16 16:18:43"
1523070,"16791","00334","张燕","M","18","合山街a座","77.cn","2021-08-16 16:18:43"
1523071,"16561","00293","王斌","M","40","苏街N座","xiedong.cn","2021-08-16 16:18:43"
1523072,"15512","00336","萧俊","F","21","合肥路T座","jin.cn","2021-08-16 16:18:43"
1523073,"15079","00313","焦想","M","43","莫路P座","weixia.cn","2021-08-16 16:18:43"
1523074,"15185","00202","张畅","F","30","大冶路w座","24.cn","2021-08-16 16:18:43"
1523075,"16046","00238","叶伟","F","15","范街K座","han.net","2021-08-16 16:18:43"
1523076,"15913","00231","白静","M","24","段街o座","50.cn","2021-08-16 16:18:43"
1523077,"15702","00320","李凤兰","M","25","周路c座","pb.net","2021-08-16 16:18:43"
1523078,"15604","00214","周秀荣","F","19","深圳街c座","jing.cn","2021-08-16 16:18:43"
1523079,"15935","00277","李春梅","F","31","孙街G座","fangfang.cn","2021-08-16 16:18:43"
1523080,"16344","00246","郝红","M","34","银川街C座","lq.cn","2021-08-16 16:18:43"
1523081,"16458","00226","苗佳","M","47","吴路U座","qu.cn","2021-08-16 16:18:43"
1523082,"16603","00296","贺鹏","F","35","关岭路A座","xiulan.cn","2021-08-16 16:18:43"
1522381,"16979","00260","余红梅","F","15","荆门路n座","liyong.cn","2021-08-16 16:18:43"
1522382,"15553","00259","张丽华","M","50","孙路U座","05.com","2021-08-16 16:18:43"
1522383,"15113","00276","植丽","F","33","黄路o座","05.net","2021-08-16 16:18:43"
1522385,"15681","00211","蓝雪梅","F","22","徐街l座","yanpeng.cn","2021-08-16 16:18:43"
1522386,"15091","00336","顾柳","M","46","唐街D座","qiangzou.cn","2021-08-16 16:18:43"
1522387,"16690","00240","温秀芳","F","15","北京街L座","pd.cn","2021-08-16 16:18:43"
1522389,"16935","00250","董旭","F","17","徐路I座","aa.cn","2021-08-16 16:18:43"
1522391,"15451","00263","石兰英","F","25","乌鲁木齐路R座","yangkong.org","2021-08-16 16:18:43"
1522393,"15222","00323","袁桂兰","F","47","彭街G座","yanfang.cn","2021-08-16 16:18:43"
1522395,"15111","00293","钟艳","M","27","李路w座","sunmeng.net","2021-08-16 16:18:43"
1522397,"16438","00347","黄云","M","37","梧州街p座","17.cn","2021-08-16 16:18:43"
1522399,"16344","00334","王琳","M","29","毛路M座","ping.net","2021-08-16 16:18:43"
1522424,"16042","00303","陈华","M","36","齐齐哈尔路V座","lixiulan.cn","2021-08-16 16:18:43"
1522427,"15249","00219","高志强","M","35","沈阳路I座","oa.cn","2021-08-16 16:18:43"
1522429,"16058","00315","黄岩","F","20","成街J座","sz.cn","2021-08-16 16:18:43"
1522431,"15662","00284","徐雷","M","27","永安街S座","yongyong.cn","2021-08-16 16:18:43"
1522433,"15275","00285","单丽华","M","26","济南街S座","yanggang.cn","2021-08-16 16:18:43"
1522435,"15997","00335","任璐","M","37","合肥街m座","guiyingxu.cn","2021-08-16 16:18:43"
1522437,"15628","00305","张桂珍","F","16","曹路y座","kong.cn","2021-08-16 16:18:43"
1522439,"16132","00289","黄瑜","F","42","拉萨街A座","guiying.cn","2021-08-16 16:18:43"
1522465,"16356","00317","刘秀荣","F","15","西宁路A座","zhengfan.cn","2021-08-16 16:18:43"
1522469,"16957","00201","徐丽娟","F","17","黄街I座","gangxiulan.cn","2021-08-16 16:18:43"
1522471,"16072","00224","孟梅","F","45","贵阳街s座","guiying.net","2021-08-16 16:18:43"
1522473,"15261","00347","曾磊","M","34","谌路G座","juanpan.cn","2021-08-16 16:18:43"
1522475,"15209","00321","刘英","M","29","台北街F座","tang.cn","2021-08-16 16:18:43"
1522477,"16392","00232","管玉梅","M","39","成都路r座","feng.cn","2021-08-16 16:18:43"
1522479,"15600","00232","武桂英","M","26","马街Y座","jie.cn","2021-08-16 16:18:43"
1522504,"16464","00202","周秀华","M","18","沈阳街O座","vi.cn","2021-08-16 16:18:43"
1522508,"16177","00349","郝敏","M","36","巢湖路j座","04.cn","2021-08-16 16:18:43"
1522510,"15227","00244","裴彬","F","47","六盘水路H座","yanlei.cn","2021-08-16 16:18:43"
1522512,"15090","00323","曾杨","M","36","辛路P座","yonglei.cn","2021-08-16 16:18:43"
1522514,"15712","00346","夏桂荣","F","22","廖街X座","xiuyingna.cn","2021-08-16 16:18:43"
1522516,"16892","00283","娄博","M","39","澳门路a座","napeng.cn","2021-08-16 16:18:43"
1522518,"15062","00212","漆超","F","27","刘路r座","xiang.cn","2021-08-16 16:18:43"
1522520,"16528","00212","张强","M","27","萧街k座","weiyan.net","2021-08-16 16:18:43"
1522561,"16326","00274","兰丽娟","F","41","张路G座","yang.cn","2021-08-16 16:18:43"
1522562,"16181","00339","张玉兰","F","34","张街c座","tn.cn","2021-08-16 16:18:43"
1522563,"15139","00321","潘凤英","M","26","陈路J座","yeyuan.cn","2021-08-16 16:18:43"
1522565,"16258","00271","蒲丽","M","18","袁路C座","fang.cn","2021-08-16 16:18:43"
1522566,"15934","00305","金凤英","M","24","澳门路I座","lipan.net","2021-08-16 16:18:43"
1522567,"15450","00334","罗桂芳","F","30","佛山街h座","gusun.cn","2021-08-16 16:18:43"
1522569,"15078","00300","黄飞","M","29","王路d座","moduan.cn","2021-08-16 16:18:43"
1522571,"16318","00336","赵亮","M","45","南京路x座","leimin.cn","2021-08-16 16:18:43"
1522573,"15460","00309","唐杰","M","42","六安路Z座","jingjun.cn","2021-08-16 16:18:43"
1522575,"16591","00266","周凤兰","F","30","况街P座","weijun.cn","2021-08-16 16:18:43"
1522577,"15317","00215","樊梅","F","27","张路X座","zu.cn","2021-08-16 16:18:43"
1522579,"16186","00265","李洁","F","20","辽阳街t座","fangwan.cn","2021-08-16 16:18:43"
1522605,"15911","00327","郑红霞","F","38","吴路i座","jianghao.cn","2021-08-16 16:18:43"
1522609,"16380","00275","刘欢","F","28","钱路R座","jun.cn","2021-08-16 16:18:43"
1522611,"16482","00273","陈浩","F","18","太原街x座","gang.cn","2021-08-16 16:18:43"
1522613,"15346","00298","姜欢","F","22","南京街k座","li.cn","2021-08-16 16:18:43"
1522615,"16780","00245","康婷","F","47","曹路L座","fangcui.cn","2021-08-16 16:18:43"
1522617,"16590","00339","李洋","F","20","萧路U座","maozhou.cn","2021-08-16 16:18:43"
1522619,"15967","00200","倪杨","M","35","徐路B座","nayong.cn","2021-08-16 16:18:43"
1522645,"16439","00337","赵淑英","M","23","长春街p座","qiu.cn","2021-08-16 16:18:43"
1522648,"16813","00302","曾明","F","15","淮安路n座","tan.cn","2021-08-16 16:18:43"
1522650,"15517","00310","葛桂英","M","43","杨街B座","jiangren.cn","2021-08-16 16:18:43"
1522652,"15642","00240","冯成","F","37","宜都路p座","yanmin.com","2021-08-16 16:18:43"
1522654,"15344","00205","徐建平","F","32","陈街Z座","nasong.cn","2021-08-16 16:18:43"
1522656,"16876","00221","陈小红","M","18","汪街f座","minliao.org","2021-08-16 16:18:43"
1522658,"15251","00320","刘兵","F","38","通辽路t座","56.com","2021-08-16 16:18:43"
1522660,"15795","00316","宋晶","M","27","刘路J座","sw.cn","2021-08-16 16:18:43"
1522701,"15830","00277","杨玉梅","M","15","宋路g座","94.cn","2021-08-16 16:18:43"
1522702,"16140","00221","马坤","M","30","郑路C座","mingsun.cn","2021-08-16 16:18:43"
1522703,"15509","00304","谢文","M","44","香港街N座","liang.cn","2021-08-16 16:18:43"
1522704,"16446","00279","范婷","M","32","王路g座","gang.cn","2021-08-16 16:18:43"
1522705,"16059","00341","刘建军","M","20","通辽路a座","zhoulai.cn","2021-08-16 16:18:43"
1522706,"15719","00219","王云","F","49","成都街D座","rg.net","2021-08-16 16:18:43"
1522707,"15772","00232","范婷婷","F","18","金街t座","ww.cn","2021-08-16 16:18:43"
1522708,"15601","00204","李兰英","F","37","张家港路P座","yanhou.cn","2021-08-16 16:18:43"
1522709,"16223","00282","王玉梅","F","28","张家港街X座","tao.cn","2021-08-16 16:18:43"
1522710,"16914","00313","田亮","F","45","兰州路M座","liao.cn","2021-08-16 16:18:43"
1522712,"15345","00314","朱岩","M","34","刘街O座","cv.cn","2021-08-16 16:18:43"
1522713,"15115","00280","王琳","F","32","银川街B座","17.org","2021-08-16 16:18:43"
1522714,"16361","00208","韦婷","M","21","拉萨街h座","mingu.cn","2021-08-16 16:18:43"
1522716,"15641","00302","程涛","F","23","广州路u座","yaobai.net","2021-08-16 16:18:43"
1522718,"16819","00310","谢建平","M","18","周街q座","kn.com","2021-08-16 16:18:43"
1522720,"16286","00289","谢楠","M","34","沈阳街W座","juanchao.cn","2021-08-16 16:18:43"
1522745,"16121","00229","黄健","F","30","济南路e座","09.cn","2021-08-16 16:18:43"
1522748,"16704","00238","李丽丽","M","23","杨街K座","au.net","2021-08-16 16:18:43"
1522750,"15519","00275","韩波","F","40","辽阳街T座","leiqian.cn","2021-08-16 16:18:43"
1522752,"15624","00321","李飞","F","50","任路O座","motang.cn","2021-08-16 16:18:43"
1522754,"16978","00238","黄浩","M","38","彭路c座","ih.cn","2021-08-16 16:18:43"
1522756,"15195","00276","王欣","F","21","龚路c座","zhao.com","2021-08-16 16:18:43"
1522758,"16511","00341","娄英","F","33","吴街S座","yongjuan.cn","2021-08-16 16:18:43"
1522760,"16082","00281","毕琴","F","20","王路y座","yangli.cn","2021-08-16 16:18:43"
1522785,"16527","00234","展建华","M","27","张街Q座","wv.com","2021-08-16 16:18:43"
1522789,"15359","00267","李丽丽","M","41","贵阳路Z座","43.cn","2021-08-16 16:18:43"
1522791,"16647","00302","王晶","F","33","何街w座","yan.cn","2021-08-16 16:18:43"
1522793,"15145","00246","邵玉英","F","46","郭路p座","pingqiao.cn","2021-08-16 16:18:43"
1522795,"16469","00230","阳秀云","M","47","沈阳街p座","panqiu.cn","2021-08-16 16:18:43"
1522797,"16130","00271","周帅","M","45","西宁街f座","lei.cn","2021-08-16 16:18:43"
1522799,"16040","00281","张娜","M","37","洪路r座","shixue.com","2021-08-16 16:18:43"
1522821,"15541","00211","林坤","F","39","严路J座","jie.cn","2021-08-16 16:18:43"
1522822,"15618","00302","吕莉","F","39","蒋街f座","fang.cn","2021-08-16 16:18:43"
1522823,"16110","00295","曹玉","M","50","成都街U座","pc.net","2021-08-16 16:18:43"
1522824,"16847","00345","陈淑华","F","26","关岭路x座","guoshi.cn","2021-08-16 16:18:43"
1522825,"15850","00296","隋雷","F","42","南京路W座","yt.cn","2021-08-16 16:18:43"
1522826,"16978","00279","陈桂英","F","19","吴路J座","yanghao.cn","2021-08-16 16:18:43"
1522827,"15919","00200","王秀珍","F","26","西安街J座","ma.cn","2021-08-16 16:18:43"
1522828,"16611","00350","许芳","M","28","乌鲁木齐街Y座","qiancao.cn","2021-08-16 16:18:43"
1522829,"16395","00291","周健","F","16","成都路G座","jingdong.cn","2021-08-16 16:18:43"
1522830,"16407","00232","纪淑英","F","29","苗路g座","91.net","2021-08-16 16:18:43"
1522831,"16024","00269","龙芳","F","47","汪路v座","min.cn","2021-08-16 16:18:43"
1522833,"16952","00239","沈丽丽","M","34","贵阳街E座","xiao.com","2021-08-16 16:18:43"
1522834,"15859","00259","罗春梅","F","40","哈尔滨街b座","caoyang.cn","2021-08-16 16:18:43"
1522835,"15953","00267","田博","M","17","黄路g座","xiuyingna.net","2021-08-16 16:18:43"
1522837,"16397","00337","刘玉梅","M","28","阜新街A座","xu.net","2021-08-16 16:18:43"
1522839,"15866","00206","郑峰","M","50","阜新路l座","najia.cn","2021-08-16 16:18:43"
1522861,"16530","00323","孙秀芳","F","18","李路P座","chaogong.cn","2021-08-16 16:18:43"
1522862,"16525","00221","石雪梅","F","28","澳门路I座","05.org","2021-08-16 16:18:43"
1522863,"15688","00287","范玉","F","15","太原路A座","leiqiang.cn","2021-08-16 16:18:43"
1522864,"16752","00335","刘秀兰","M","24","武汉路g座","weiguiying.cn","2021-08-16 16:18:43"
1522866,"15778","00324","徐淑珍","M","50","西宁路u座","taoqiu.cn","2021-08-16 16:18:43"
1522867,"16368","00316","周超","F","15","关岭街x座","ch.cn","2021-08-16 16:18:43"
1522868,"15804","00208","张丹","M","27","香港路Q座","gh.cn","2021-08-16 16:18:43"
1522870,"16276","00290","符丽娟","F","32","辛集街F座","35.cn","2021-08-16 16:18:43"
1522872,"15119","00248","杨旭","M","45","白街C座","ec.cn","2021-08-16 16:18:43"
1522874,"15031","00333","吴桂荣","M","32","刘路c座","mao.cn","2021-08-16 16:18:43"
1522876,"15272","00282","林军","M","19","孙路e座","xiulan.org","2021-08-16 16:18:43"
1522878,"15482","00248","郭想","F","15","李路z座","guiyingjun.cn","2021-08-16 16:18:43"
1522880,"16585","00319","贾琴","F","43","重庆路T座","yinyang.cn","2021-08-16 16:18:43"
1522904,"15975","00315","谢利","M","46","昆明街k座","mingmeng.cn","2021-08-16 16:18:43"
1522908,"16079","00341","耿彬","F","40","石家庄路E座","jiegong.cn","2021-08-16 16:18:43"
1522910,"16300","00214","李丽丽","F","31","西安街e座","weili.cn","2021-08-16 16:18:43"
1522912,"16501","00334","陈春梅","F","50","台北街V座","73.cn","2021-08-16 16:18:43"
1522914,"16657","00325","张辉","F","27","郑州路Z座","zou.cn","2021-08-16 16:18:43"
1522916,"16127","00295","龙颖","M","18","吴街t座","94.cn","2021-08-16 16:18:43"
1522918,"15615","00347","吴勇","M","32","杨街y座","60.net","2021-08-16 16:18:43"
1522920,"15682","00350","蔡晨","M","25","南宁路Y座","lei.cn","2021-08-16 16:18:43"
1522961,"15850","00247","唐凤兰","M","20","深圳路E座","lei.cn","2021-08-16 16:18:43"
1522962,"16921","00302","王磊","M","21","荆门街j座","yongguiying.cn","2021-08-16 16:18:43"
1522963,"16758","00252","戴坤","M","32","太原路d座","hezhu.cn","2021-08-16 16:18:43"
1522964,"16907","00314","邓斌","M","33","淮安街M座","85.cn","2021-08-16 16:18:43"
1522965,"16659","00254","李雪","M","28","辛集路A座","xiong.cn","2021-08-16 16:18:43"
1522966,"16951","00248","杨桂花","M","40","兰州路k座","wen.org","2021-08-16 16:18:43"
1522967,"15578","00319","吴丽","F","15","傅街b座","vj.cn","2021-08-16 16:18:43"
1522968,"16184","00286","张辉","M","17","柳州街h座","jiewei.cn","2021-08-16 16:18:43"
1522969,"15635","00326","黄畅","F","31","徐街U座","79.cn","2021-08-16 16:18:43"
1522970,"16786","00309","魏雷","M","23","惠州路t座","fumao.cn","2021-08-16 16:18:43"
1522971,"16596","00210","郭欣","M","37","冯路N座","dushen.cn","2021-08-16 16:18:43"
1523083,"15636","00334","吴璐","F","35","高街P座","leili.cn","2021-08-16 16:18:43"
1523084,"15021","00301","张玉","F","31","合肥路j座","yan.net","2021-08-16 16:18:43"
1523085,"16457","00287","牛婷","M","22","徐街S座","feng.net","2021-08-16 16:18:43"
1523086,"15848","00227","谢建国","M","39","林路o座","leiping.cn","2021-08-16 16:18:43"
1523087,"16472","00302","苏楠","F","26","郭路b座","fanghou.cn","2021-08-16 16:18:43"
1523088,"16558","00258","任敏","F","16","奚路l座","ming.cn","2021-08-16 16:18:43"
1523089,"16584","00236","彭莉","F","25","王路N座","ma.net","2021-08-16 16:18:43"
1523090,"16649","00306","罗莹","M","43","陈街u座","xiulanna.cn","2021-08-16 16:18:43"
1523091,"15420","00244","王淑华","M","24","沈阳街q座","chaoyang.cn","2021-08-16 16:18:43"
1523092,"15561","00233","韩秀梅","M","27","邯郸街K座","ze.net","2021-08-16 16:18:43"
1523093,"15764","00212","韦秀梅","F","26","北镇路v座","rr.cn","2021-08-16 16:18:43"
1523094,"15757","00331","曹建平","F","44","高街U座","bu.cn","2021-08-16 16:18:43"
1523095,"16220","00243","陈春梅","M","50","台北路I座","yangming.cn","2021-08-16 16:18:43"
1523096,"16409","00242","刘超","F","40","福州街v座","56.net","2021-08-16 16:18:43"
1523097,"15507","00239","李秀云","F","18","陈路P座","yuanmao.cn","2021-08-16 16:18:43"
1523098,"16121","00227","白瑞","F","29","张家港路m座","nayan.cn","2021-08-16 16:18:43"
1523099,"16593","00249","叶春梅","F","29","卢街z座","77.cn","2021-08-16 16:18:43"
1523100,"16500","00293","祝洁","F","28","林街i座","zhengbai.org","2021-08-16 16:18:43"
1523101,"16057","00252","王飞","F","43","秦街m座","iz.cn","2021-08-16 16:18:43"
1523102,"15124","00216","黄艳","M","35","王街C座","fc.cn","2021-08-16 16:18:43"
1523103,"15518","00258","唐瑞","F","27","济南街y座","yongjie.net","2021-08-16 16:18:43"
1523105,"15157","00210","舒淑英","M","32","董路i座","yanxia.cn","2021-08-16 16:18:43"
1523106,"16901","00344","王淑兰","F","22","梁路s座","qiang.cn","2021-08-16 16:18:43"
1523108,"15142","00253","潘冬梅","M","36","柳州街q座","jinqian.net","2021-08-16 16:18:43"
1523110,"15628","00339","郭建平","F","36","许路P座","34.cn","2021-08-16 16:18:43"
1523112,"15982","00282","刘丹丹","M","40","徐路I座","liaohan.cn","2021-08-16 16:18:43"
1523114,"15107","00232","戴俊","F","29","刘街L座","leitian.cn","2021-08-16 16:18:43"
1523116,"15685","00255","朱秀梅","F","48","大冶路A座","fanwei.cn","2021-08-16 16:18:43"
1523118,"15486","00217","陈瑞","F","19","马街L座","qian.cn","2021-08-16 16:18:43"
1523120,"15626","00221","莫志强","M","48","梁路J座","fa.net","2021-08-16 16:18:43"
1523121,"15717","00258","阳小红","M","19","天津街m座","qinwang.cn","2021-08-16 16:18:43"
1523122,"16034","00268","薛雷","M","15","齐路O座","naming.cn","2021-08-16 16:18:43"
1523124,"16100","00267","贾敏","F","42","陈路i座","song.com","2021-08-16 16:18:43"
1523125,"15454","00226","王婷婷","F","19","荆门路p座","dg.cn","2021-08-16 16:18:43"
1523130,"15076","00274","郝建","F","15","郭路M座","ren.cn","2021-08-16 16:18:43"
1523132,"15270","00243","蔡雪梅","M","28","永安路e座","xia.net","2021-08-16 16:18:43"
1523134,"15008","00293","李磊","M","20","李街V座","na.cn","2021-08-16 16:18:43"
1523136,"16831","00328","张璐","M","18","石家庄街n座","98.cn","2021-08-16 16:18:43"
1523138,"15871","00215","李梅","F","38","重庆路v座","lei.cn","2021-08-16 16:18:43"
1523140,"16785","00221","何娜","F","33","武街D座","gao.org","2021-08-16 16:18:43"
1523146,"15690","00270","吴飞","M","37","海门街u座","ka.cn","2021-08-16 16:18:43"
1523150,"15606","00329","周兵","F","39","嘉禾街b座","nq.cn","2021-08-16 16:18:43"
1523152,"15077","00275","薛桂兰","F","35","叶街T座","lianglai.cn","2021-08-16 16:18:43"
1523154,"15857","00238","吴辉","M","45","兴城路d座","fangyang.net","2021-08-16 16:18:43"
1523156,"16281","00225","范琴","M","27","吴路z座","pingpan.cn","2021-08-16 16:18:43"
1523158,"15283","00247","郭洁","M","22","周路G座","rq.com","2021-08-16 16:18:43"
1523160,"16791","00334","张燕","M","18","合山街a座","77.cn","2021-08-16 16:18:43"
1523162,"16561","00293","王斌","M","40","苏街N座","xiedong.cn","2021-08-16 16:18:43"
1523165,"15512","00336","萧俊","F","21","合肥路T座","jin.cn","2021-08-16 16:18:43"
1523166,"15079","00313","焦想","M","43","莫路P座","weixia.cn","2021-08-16 16:18:43"
1523167,"15185","00202","张畅","F","30","大冶路w座","24.cn","2021-08-16 16:18:43"
1523168,"16046","00238","叶伟","F","15","范街K座","han.net","2021-08-16 16:18:43"
1523169,"15913","00231","白静","M","24","段街o座","50.cn","2021-08-16 16:18:43"
1523170,"15702","00320","李凤兰","M","25","周路c座","pb.net","2021-08-16 16:18:43"
1523171,"15604","00214","周秀荣","F","19","深圳街c座","jing.cn","2021-08-16 16:18:43"
1523173,"15935","00277","李春梅","F","31","孙街G座","fangfang.cn","2021-08-16 16:18:43"
1523175,"16344","00246","郝红","M","34","银川街C座","lq.cn","2021-08-16 16:18:43"
1523177,"16458","00226","苗佳","M","47","吴路U座","qu.cn","2021-08-16 16:18:43"
1523179,"16603","00296","贺鹏","F","35","关岭路A座","xiulan.cn","2021-08-16 16:18:43"
1522341,"16979","00260","余红梅","F","15","荆门路n座","liyong.cn","2021-08-16 16:18:43"
1522342,"15553","00259","张丽华","M","50","孙路U座","05.com","2021-08-16 16:18:43"
1522343,"15113","00276","植丽","F","33","黄路o座","05.net","2021-08-16 16:18:43"
1522344,"15681","00211","蓝雪梅","F","22","徐街l座","yanpeng.cn","2021-08-16 16:18:43"
1522345,"15091","00336","顾柳","M","46","唐街D座","qiangzou.cn","2021-08-16 16:18:43"
1522346,"16690","00240","温秀芳","F","15","北京街L座","pd.cn","2021-08-16 16:18:43"
1522348,"16935","00250","董旭","F","17","徐路I座","aa.cn","2021-08-16 16:18:43"
1522405,"15451","00263","石兰英","F","25","乌鲁木齐路R座","yangkong.org","2021-08-16 16:18:43"
1522409,"15222","00323","袁桂兰","F","47","彭街G座","yanfang.cn","2021-08-16 16:18:43"
1522411,"15111","00293","钟艳","M","27","李路w座","sunmeng.net","2021-08-16 16:18:43"
1522413,"16438","00347","黄云","M","37","梧州街p座","17.cn","2021-08-16 16:18:43"
1522415,"16344","00334","王琳","M","29","毛路M座","ping.net","2021-08-16 16:18:43"
1522417,"16042","00303","陈华","M","36","齐齐哈尔路V座","lixiulan.cn","2021-08-16 16:18:43"
1522419,"15249","00219","高志强","M","35","沈阳路I座","oa.cn","2021-08-16 16:18:43"
1522446,"16058","00315","黄岩","F","20","成街J座","sz.cn","2021-08-16 16:18:43"
1522450,"15662","00284","徐雷","M","27","永安街S座","yongyong.cn","2021-08-16 16:18:43"
1522452,"15275","00285","单丽华","M","26","济南街S座","yanggang.cn","2021-08-16 16:18:43"
1522454,"15997","00335","任璐","M","37","合肥街m座","guiyingxu.cn","2021-08-16 16:18:43"
1522485,"15628","00305","张桂珍","F","16","曹路y座","kong.cn","2021-08-16 16:18:43"
1522489,"16132","00289","黄瑜","F","42","拉萨街A座","guiying.cn","2021-08-16 16:18:43"
1522491,"16356","00317","刘秀荣","F","15","西宁路A座","zhengfan.cn","2021-08-16 16:18:43"
1522493,"16957","00201","徐丽娟","F","17","黄街I座","gangxiulan.cn","2021-08-16 16:18:43"
1522495,"16072","00224","孟梅","F","45","贵阳街s座","guiying.net","2021-08-16 16:18:43"
1522497,"15261","00347","曾磊","M","34","谌路G座","juanpan.cn","2021-08-16 16:18:43"
1522499,"15209","00321","刘英","M","29","台北街F座","tang.cn","2021-08-16 16:18:43"
1522525,"16392","00232","管玉梅","M","39","成都路r座","feng.cn","2021-08-16 16:18:43"
1522529,"15600","00232","武桂英","M","26","马街Y座","jie.cn","2021-08-16 16:18:43"
1522531,"16464","00202","周秀华","M","18","沈阳街O座","vi.cn","2021-08-16 16:18:43"
1522533,"16177","00349","郝敏","M","36","巢湖路j座","04.cn","2021-08-16 16:18:43"
1522535,"15227","00244","裴彬","F","47","六盘水路H座","yanlei.cn","2021-08-16 16:18:43"
1522537,"15090","00323","曾杨","M","36","辛路P座","yonglei.cn","2021-08-16 16:18:43"
1522539,"15712","00346","夏桂荣","F","22","廖街X座","xiuyingna.cn","2021-08-16 16:18:43"
1522564,"16892","00283","娄博","M","39","澳门路a座","napeng.cn","2021-08-16 16:18:43"
1522568,"15062","00212","漆超","F","27","刘路r座","xiang.cn","2021-08-16 16:18:43"
1522570,"16528","00212","张强","M","27","萧街k座","weiyan.net","2021-08-16 16:18:43"
1522572,"16326","00274","兰丽娟","F","41","张路G座","yang.cn","2021-08-16 16:18:43"
1522574,"16181","00339","张玉兰","F","34","张街c座","tn.cn","2021-08-16 16:18:43"
1522576,"15139","00321","潘凤英","M","26","陈路J座","yeyuan.cn","2021-08-16 16:18:43"
1522578,"16258","00271","蒲丽","M","18","袁路C座","fang.cn","2021-08-16 16:18:43"
1522580,"15934","00305","金凤英","M","24","澳门路I座","lipan.net","2021-08-16 16:18:43"
1522621,"15450","00334","罗桂芳","F","30","佛山街h座","gusun.cn","2021-08-16 16:18:43"
1522622,"15078","00300","黄飞","M","29","王路d座","moduan.cn","2021-08-16 16:18:43"
1522623,"16318","00336","赵亮","M","45","南京路x座","leimin.cn","2021-08-16 16:18:43"
1522625,"15460","00309","唐杰","M","42","六安路Z座","jingjun.cn","2021-08-16 16:18:43"
1522626,"16591","00266","周凤兰","F","30","况街P座","weijun.cn","2021-08-16 16:18:43"
1522629,"15317","00215","樊梅","F","27","张路X座","zu.cn","2021-08-16 16:18:43"
1522631,"16186","00265","李洁","F","20","辽阳街t座","fangwan.cn","2021-08-16 16:18:43"
1522633,"15911","00327","郑红霞","F","38","吴路i座","jianghao.cn","2021-08-16 16:18:43"
1522635,"16380","00275","刘欢","F","28","钱路R座","jun.cn","2021-08-16 16:18:43"
1522637,"16482","00273","陈浩","F","18","太原街x座","gang.cn","2021-08-16 16:18:43"
1522639,"15346","00298","姜欢","F","22","南京街k座","li.cn","2021-08-16 16:18:43"
1522664,"16780","00245","康婷","F","47","曹路L座","fangcui.cn","2021-08-16 16:18:43"
1522668,"16590","00339","李洋","F","20","萧路U座","maozhou.cn","2021-08-16 16:18:43"
1522670,"15967","00200","倪杨","M","35","徐路B座","nayong.cn","2021-08-16 16:18:43"
1522672,"16439","00337","赵淑英","M","23","长春街p座","qiu.cn","2021-08-16 16:18:43"
1522674,"16813","00302","曾明","F","15","淮安路n座","tan.cn","2021-08-16 16:18:43"
1522675,"15517","00310","葛桂英","M","43","杨街B座","jiangren.cn","2021-08-16 16:18:43"
1522676,"15642","00240","冯成","F","37","宜都路p座","yanmin.com","2021-08-16 16:18:43"
1522677,"15344","00205","徐建平","F","32","陈街Z座","nasong.cn","2021-08-16 16:18:43"
1522678,"16876","00221","陈小红","M","18","汪街f座","minliao.org","2021-08-16 16:18:43"
1522679,"15251","00320","刘兵","F","38","通辽路t座","56.com","2021-08-16 16:18:43"
1522680,"15795","00316","宋晶","M","27","刘路J座","sw.cn","2021-08-16 16:18:43"
1522711,"15830","00277","杨玉梅","M","15","宋路g座","94.cn","2021-08-16 16:18:43"
1522715,"16140","00221","马坤","M","30","郑路C座","mingsun.cn","2021-08-16 16:18:43"
1522717,"15509","00304","谢文","M","44","香港街N座","liang.cn","2021-08-16 16:18:43"
1522719,"16446","00279","范婷","M","32","王路g座","gang.cn","2021-08-16 16:18:43"
1522741,"16059","00341","刘建军","M","20","通辽路a座","zhoulai.cn","2021-08-16 16:18:43"
1522742,"15719","00219","王云","F","49","成都街D座","rg.net","2021-08-16 16:18:43"
1522743,"15772","00232","范婷婷","F","18","金街t座","ww.cn","2021-08-16 16:18:43"
1522744,"15601","00204","李兰英","F","37","张家港路P座","yanhou.cn","2021-08-16 16:18:43"
1522746,"16223","00282","王玉梅","F","28","张家港街X座","tao.cn","2021-08-16 16:18:43"
1522747,"16914","00313","田亮","F","45","兰州路M座","liao.cn","2021-08-16 16:18:43"
1522749,"15345","00314","朱岩","M","34","刘街O座","cv.cn","2021-08-16 16:18:43"
1522751,"15115","00280","王琳","F","32","银川街B座","17.org","2021-08-16 16:18:43"
1522753,"16361","00208","韦婷","M","21","拉萨街h座","mingu.cn","2021-08-16 16:18:43"
1522755,"15641","00302","程涛","F","23","广州路u座","yaobai.net","2021-08-16 16:18:43"
1522757,"16819","00310","谢建平","M","18","周街q座","kn.com","2021-08-16 16:18:43"
1522759,"16286","00289","谢楠","M","34","沈阳街W座","juanchao.cn","2021-08-16 16:18:43"
1522781,"16121","00229","黄健","F","30","济南路e座","09.cn","2021-08-16 16:18:43"
1522782,"16704","00238","李丽丽","M","23","杨街K座","au.net","2021-08-16 16:18:43"
1522783,"15519","00275","韩波","F","40","辽阳街T座","leiqian.cn","2021-08-16 16:18:43"
1522784,"15624","00321","李飞","F","50","任路O座","motang.cn","2021-08-16 16:18:43"
1522786,"16978","00238","黄浩","M","38","彭路c座","ih.cn","2021-08-16 16:18:43"
1522787,"15195","00276","王欣","F","21","龚路c座","zhao.com","2021-08-16 16:18:43"
1522788,"16511","00341","娄英","F","33","吴街S座","yongjuan.cn","2021-08-16 16:18:43"
1522790,"16082","00281","毕琴","F","20","王路y座","yangli.cn","2021-08-16 16:18:43"
1522792,"16527","00234","展建华","M","27","张街Q座","wv.com","2021-08-16 16:18:43"
1522794,"15359","00267","李丽丽","M","41","贵阳路Z座","43.cn","2021-08-16 16:18:43"
1522796,"16647","00302","王晶","F","33","何街w座","yan.cn","2021-08-16 16:18:43"
1522798,"15145","00246","邵玉英","F","46","郭路p座","pingqiao.cn","2021-08-16 16:18:43"
1522800,"16469","00230","阳秀云","M","47","沈阳街p座","panqiu.cn","2021-08-16 16:18:43"
1522832,"16130","00271","周帅","M","45","西宁街f座","lei.cn","2021-08-16 16:18:43"
1522836,"16040","00281","张娜","M","37","洪路r座","shixue.com","2021-08-16 16:18:43"
1522838,"15541","00211","林坤","F","39","严路J座","jie.cn","2021-08-16 16:18:43"
1522840,"15618","00302","吕莉","F","39","蒋街f座","fang.cn","2021-08-16 16:18:43"
1522865,"16110","00295","曹玉","M","50","成都街U座","pc.net","2021-08-16 16:18:43"
1522869,"16847","00345","陈淑华","F","26","关岭路x座","guoshi.cn","2021-08-16 16:18:43"
1522871,"15850","00296","隋雷","F","42","南京路W座","yt.cn","2021-08-16 16:18:43"
1522873,"16978","00279","陈桂英","F","19","吴路J座","yanghao.cn","2021-08-16 16:18:43"
1522875,"15919","00200","王秀珍","F","26","西安街J座","ma.cn","2021-08-16 16:18:43"
1522877,"16611","00350","许芳","M","28","乌鲁木齐街Y座","qiancao.cn","2021-08-16 16:18:43"
1522879,"16395","00291","周健","F","16","成都路G座","jingdong.cn","2021-08-16 16:18:43"
1522901,"16407","00232","纪淑英","F","29","苗路g座","91.net","2021-08-16 16:18:43"
1522902,"16024","00269","龙芳","F","47","汪路v座","min.cn","2021-08-16 16:18:43"
1522903,"16952","00239","沈丽丽","M","34","贵阳街E座","xiao.com","2021-08-16 16:18:43"
1522905,"15859","00259","罗春梅","F","40","哈尔滨街b座","caoyang.cn","2021-08-16 16:18:43"
1522906,"15953","00267","田博","M","17","黄路g座","xiuyingna.net","2021-08-16 16:18:43"
1522907,"16397","00337","刘玉梅","M","28","阜新街A座","xu.net","2021-08-16 16:18:43"
1522909,"15866","00206","郑峰","M","50","阜新路l座","najia.cn","2021-08-16 16:18:43"
1522911,"16530","00323","孙秀芳","F","18","李路P座","chaogong.cn","2021-08-16 16:18:43"
1522913,"16525","00221","石雪梅","F","28","澳门路I座","05.org","2021-08-16 16:18:43"
1522915,"15688","00287","范玉","F","15","太原路A座","leiqiang.cn","2021-08-16 16:18:43"
1522917,"16752","00335","刘秀兰","M","24","武汉路g座","weiguiying.cn","2021-08-16 16:18:43"
1522919,"15778","00324","徐淑珍","M","50","西宁路u座","taoqiu.cn","2021-08-16 16:18:43"
1522941,"16368","00316","周超","F","15","关岭街x座","ch.cn","2021-08-16 16:18:43"
1522942,"15804","00208","张丹","M","27","香港路Q座","gh.cn","2021-08-16 16:18:43"
1522943,"16276","00290","符丽娟","F","32","辛集街F座","35.cn","2021-08-16 16:18:43"
1522944,"15119","00248","杨旭","M","45","白街C座","ec.cn","2021-08-16 16:18:43"
1522945,"15031","00333","吴桂荣","M","32","刘路c座","mao.cn","2021-08-16 16:18:43"
1522946,"15272","00282","林军","M","19","孙路e座","xiulan.org","2021-08-16 16:18:43"
1522947,"15482","00248","郭想","F","15","李路z座","guiyingjun.cn","2021-08-16 16:18:43"
1522948,"16585","00319","贾琴","F","43","重庆路T座","yinyang.cn","2021-08-16 16:18:43"
1522949,"15975","00315","谢利","M","46","昆明街k座","mingmeng.cn","2021-08-16 16:18:43"
1522950,"16079","00341","耿彬","F","40","石家庄路E座","jiegong.cn","2021-08-16 16:18:43"
1522951,"16300","00214","李丽丽","F","31","西安街e座","weili.cn","2021-08-16 16:18:43"
1522952,"16501","00334","陈春梅","F","50","台北街V座","73.cn","2021-08-16 16:18:43"
1522953,"16657","00325","张辉","F","27","郑州路Z座","zou.cn","2021-08-16 16:18:43"
1522954,"16127","00295","龙颖","M","18","吴街t座","94.cn","2021-08-16 16:18:43"
1522955,"15615","00347","吴勇","M","32","杨街y座","60.net","2021-08-16 16:18:43"
1522956,"15682","00350","蔡晨","M","25","南宁路Y座","lei.cn","2021-08-16 16:18:43"
1522957,"15850","00247","唐凤兰","M","20","深圳路E座","lei.cn","2021-08-16 16:18:43"
1522958,"16921","00302","王磊","M","21","荆门街j座","yongguiying.cn","2021-08-16 16:18:43"
1522959,"16758","00252","戴坤","M","32","太原路d座","hezhu.cn","2021-08-16 16:18:43"
1522960,"16907","00314","邓斌","M","33","淮安街M座","85.cn","2021-08-16 16:18:43"
1522981,"16659","00254","李雪","M","28","辛集路A座","xiong.cn","2021-08-16 16:18:43"
1522982,"16951","00248","杨桂花","M","40","兰州路k座","wen.org","2021-08-16 16:18:43"
1522983,"15578","00319","吴丽","F","15","傅街b座","vj.cn","2021-08-16 16:18:43"
1522984,"16184","00286","张辉","M","17","柳州街h座","jiewei.cn","2021-08-16 16:18:43"
1522985,"15635","00326","黄畅","F","31","徐街U座","79.cn","2021-08-16 16:18:43"
1522986,"16786","00309","魏雷","M","23","惠州路t座","fumao.cn","2021-08-16 16:18:43"
1522987,"16596","00210","郭欣","M","37","冯路N座","dushen.cn","2021-08-16 16:18:43"
1523104,"15636","00334","吴璐","F","35","高街P座","leili.cn","2021-08-16 16:18:43"
1523107,"15021","00301","张玉","F","31","合肥路j座","yan.net","2021-08-16 16:18:43"
1523109,"16457","00287","牛婷","M","22","徐街S座","feng.net","2021-08-16 16:18:43"
1523111,"15848","00227","谢建国","M","39","林路o座","leiping.cn","2021-08-16 16:18:43"
1523113,"16472","00302","苏楠","F","26","郭路b座","fanghou.cn","2021-08-16 16:18:43"
1523115,"16558","00258","任敏","F","16","奚路l座","ming.cn","2021-08-16 16:18:43"
1523117,"16584","00236","彭莉","F","25","王路N座","ma.net","2021-08-16 16:18:43"
1523119,"16649","00306","罗莹","M","43","陈街u座","xiulanna.cn","2021-08-16 16:18:43"
1523123,"15420","00244","王淑华","M","24","沈阳街q座","chaoyang.cn","2021-08-16 16:18:43"
1523126,"15561","00233","韩秀梅","M","27","邯郸街K座","ze.net","2021-08-16 16:18:43"
1523127,"15764","00212","韦秀梅","F","26","北镇路v座","rr.cn","2021-08-16 16:18:43"
1523128,"15757","00331","曹建平","F","44","高街U座","bu.cn","2021-08-16 16:18:43"
1523129,"16220","00243","陈春梅","M","50","台北路I座","yangming.cn","2021-08-16 16:18:43"
1523131,"16409","00242","刘超","F","40","福州街v座","56.net","2021-08-16 16:18:43"
1523133,"15507","00239","李秀云","F","18","陈路P座","yuanmao.cn","2021-08-16 16:18:43"
1523135,"16121","00227","白瑞","F","29","张家港路m座","nayan.cn","2021-08-16 16:18:43"
1523137,"16593","00249","叶春梅","F","29","卢街z座","77.cn","2021-08-16 16:18:43"
1523139,"16500","00293","祝洁","F","28","林街i座","zhengbai.org","2021-08-16 16:18:43"
1523141,"16057","00252","王飞","F","43","秦街m座","iz.cn","2021-08-16 16:18:43"
1523142,"15124","00216","黄艳","M","35","王街C座","fc.cn","2021-08-16 16:18:43"
1523143,"15518","00258","唐瑞","F","27","济南街y座","yongjie.net","2021-08-16 16:18:43"
1523144,"15157","00210","舒淑英","M","32","董路i座","yanxia.cn","2021-08-16 16:18:43"
1523145,"16901","00344","王淑兰","F","22","梁路s座","qiang.cn","2021-08-16 16:18:43"
1523147,"15142","00253","潘冬梅","M","36","柳州街q座","jinqian.net","2021-08-16 16:18:43"
1523148,"15628","00339","郭建平","F","36","许路P座","34.cn","2021-08-16 16:18:43"
1523149,"15982","00282","刘丹丹","M","40","徐路I座","liaohan.cn","2021-08-16 16:18:43"
1523151,"15107","00232","戴俊","F","29","刘街L座","leitian.cn","2021-08-16 16:18:43"
1523153,"15685","00255","朱秀梅","F","48","大冶路A座","fanwei.cn","2021-08-16 16:18:43"
1523155,"15486","00217","陈瑞","F","19","马街L座","qian.cn","2021-08-16 16:18:43"
1523157,"15626","00221","莫志强","M","48","梁路J座","fa.net","2021-08-16 16:18:43"
1523159,"15717","00258","阳小红","M","19","天津街m座","qinwang.cn","2021-08-16 16:18:43"
1523161,"16034","00268","薛雷","M","15","齐路O座","naming.cn","2021-08-16 16:18:43"
1523163,"16100","00267","贾敏","F","42","陈路i座","song.com","2021-08-16 16:18:43"
1523164,"15454","00226","王婷婷","F","19","荆门路p座","dg.cn","2021-08-16 16:18:43"
1523172,"15076","00274","郝建","F","15","郭路M座","ren.cn","2021-08-16 16:18:43"
1523174,"15270","00243","蔡雪梅","M","28","永安路e座","xia.net","2021-08-16 16:18:43"
1523176,"15008","00293","李磊","M","20","李街V座","na.cn","2021-08-16 16:18:43"
1523178,"16831","00328","张璐","M","18","石家庄街n座","98.cn","2021-08-16 16:18:43"
1523180,"15871","00215","李梅","F","38","重庆路v座","lei.cn","2021-08-16 16:18:43"
1523181,"16785","00221","何娜","F","33","武街D座","gao.org","2021-08-16 16:18:43"
1523182,"15690","00270","吴飞","M","37","海门街u座","ka.cn","2021-08-16 16:18:43"
1523183,"15606","00329","周兵","F","39","嘉禾街b座","nq.cn","2021-08-16 16:18:43"
1523184,"15077","00275","薛桂兰","F","35","叶街T座","lianglai.cn","2021-08-16 16:18:43"
1523185,"15857","00238","吴辉","M","45","兴城路d座","fangyang.net","2021-08-16 16:18:43"
1523186,"16281","00225","范琴","M","27","吴路z座","pingpan.cn","2021-08-16 16:18:43"
1523187,"15283","00247","郭洁","M","22","周路G座","rq.com","2021-08-16 16:18:43"
1523188,"16791","00334","张燕","M","18","合山街a座","77.cn","2021-08-16 16:18:43"
1523189,"16561","00293","王斌","M","40","苏街N座","xiedong.cn","2021-08-16 16:18:43"
1523190,"15512","00336","萧俊","F","21","合肥路T座","jin.cn","2021-08-16 16:18:43"
1523191,"15079","00313","焦想","M","43","莫路P座","weixia.cn","2021-08-16 16:18:43"
1523192,"15185","00202","张畅","F","30","大冶路w座","24.cn","2021-08-16 16:18:43"
1523193,"16046","00238","叶伟","F","15","范街K座","han.net","2021-08-16 16:18:43"
1523194,"15913","00231","白静","M","24","段街o座","50.cn","2021-08-16 16:18:43"
1523195,"15702","00320","李凤兰","M","25","周路c座","pb.net","2021-08-16 16:18:43"
1523196,"15604","00214","周秀荣","F","19","深圳街c座","jing.cn","2021-08-16 16:18:43"
1523197,"15935","00277","李春梅","F","31","孙街G座","fangfang.cn","2021-08-16 16:18:43"
1523198,"16344","00246","郝红","M","34","银川街C座","lq.cn","2021-08-16 16:18:43"
1523199,"16458","00226","苗佳","M","47","吴路U座","qu.cn","2021-08-16 16:18:43"
1523200,"16603","00296","贺鹏","F","35","关岭路A座","xiulan.cn","2021-08-16 16:18:43"
